model,outer_fold,n_train,n_test,selected_epoch,inner_epoch_min,inner_epoch_median,inner_epoch_max,parameter_count,spearman,rmse,mae,r2
compact_mlp,0,867,217,19,15,19.0,39,372929,0.5182534984991333,0.551605893853767,0.2859949102767125,0.36117595293354443
compact_mlp,1,867,217,54,38,54.0,74,372929,0.5316379881339929,0.47304677958208813,0.24442295429515137,0.37315652680901323
compact_mlp,2,867,217,14,11,14.0,47,372929,0.5682318897767256,0.4699404878910224,0.26923868307869503,0.4875677400892373
compact_mlp,3,867,217,14,9,14.0,41,372929,0.4643056788661997,0.41423718524802966,0.23221584009247828,0.39450510421582285
compact_mlp,4,868,216,19,10,19.0,52,372929,0.541544910037033,0.3873457167092045,0.21801130826545506,0.6058530269150925
residual_mlp,0,867,217,10,2,10.0,14,375810,0.49555494487427015,0.5193523009524554,0.33828964447524745,0.43369867196512835
residual_mlp,1,867,217,36,7,36.0,43,375810,0.5610223274473053,0.47517523359034564,0.323795524173821,0.3675029248147098
residual_mlp,2,867,217,15,9,15.0,41,375810,0.5448298782865223,0.507663735771368,0.31640325088585514,0.40199747399985963
residual_mlp,3,867,217,14,10,14.0,34,375810,0.4067548396491871,0.44685806042526355,0.30993047194382567,0.2953855997508683
residual_mlp,4,868,216,21,8,21.0,29,375810,0.49551673632693877,0.438233372125366,0.27514474534722494,0.4954879155552828
gated_fusion,0,867,217,10,3,10.0,15,326017,0.5132764460228206,0.5199043156477527,0.2933809289124328,0.432494199441138
gated_fusion,1,867,217,24,21,24.0,37,326017,0.5782599811158557,0.46477701169223307,0.24050703327908057,0.3948818123918916
gated_fusion,2,867,217,10,8,10.0,11,326017,0.5579501308267215,0.46666947934127867,0.26044642315020816,0.49467645651806325
gated_fusion,3,867,217,10,10,10.0,55,326017,0.42097431850317324,0.36846678414838024,0.20250470699499198,0.5209189305663948
gated_fusion,4,868,216,22,6,22.0,23,326017,0.5896152609580967,0.4160582684822048,0.22369180230278876,0.5452538880277042
branch_fusion,0,867,217,24,8,24.0,46,196929,0.5624116273716748,0.5151790155010467,0.26078479505928986,0.4427631999286512
branch_fusion,1,867,217,9,5,9.0,28,196929,0.5455779628611829,0.4715404189201758,0.24386626242980958,0.3771423859704196
branch_fusion,2,867,217,7,4,7.0,35,196929,0.6223441236018923,0.5029588193688442,0.2762753205133201,0.41303042358594033
branch_fusion,3,867,217,48,5,48.0,73,196929,0.4955032718424255,0.39106528083360975,0.20140513175665023,0.46035166247786063
branch_fusion,4,868,216,34,18,34.0,83,196929,0.5766953643172698,0.40181556637548244,0.21200702119751785,0.5758551534254052
