model,outer_fold,inner_fold,best_epoch,best_val_mse_scaled
compact_mlp,0,0,39,0.509167298004289
compact_mlp,0,1,19,0.6460242745785565
compact_mlp,0,2,15,0.6584409582573649
compact_mlp,1,0,54,0.43632247806832863
compact_mlp,1,1,74,0.540379003051243
compact_mlp,1,2,38,0.5769783425496111
compact_mlp,2,0,11,0.9993812423263867
compact_mlp,2,1,47,0.464834451211365
compact_mlp,2,2,14,0.5529242774606988
compact_mlp,3,0,41,0.4330002759360937
compact_mlp,3,1,9,1.0270635376339552
compact_mlp,3,2,14,0.33445665266068336
compact_mlp,4,0,10,0.5428300873986606
compact_mlp,4,1,52,0.5353045111915232
compact_mlp,4,2,19,0.7687167964592112
residual_mlp,0,0,2,0.6942854738152976
residual_mlp,0,1,10,0.8044708686716416
residual_mlp,0,2,14,0.7982888828099393
residual_mlp,1,0,36,0.5497339101811182
residual_mlp,1,1,7,0.7086560784945438
residual_mlp,1,2,43,0.6520450947400196
residual_mlp,2,0,9,1.0521156509442313
residual_mlp,2,1,41,0.5674809429369171
residual_mlp,2,2,15,0.6756160040627713
residual_mlp,3,0,10,0.6272888096971083
residual_mlp,3,1,34,1.0677513783365797
residual_mlp,3,2,14,0.4434809982776642
residual_mlp,4,0,29,0.6265164050562628
residual_mlp,4,1,21,0.6577054973704592
residual_mlp,4,2,8,0.8393912300931541
gated_fusion,0,0,10,0.5054778077198148
gated_fusion,0,1,3,0.664261700372795
gated_fusion,0,2,15,0.6789553945039796
gated_fusion,1,0,24,0.394325759377859
gated_fusion,1,1,21,0.5473856623816242
gated_fusion,1,2,37,0.5167494068714986
gated_fusion,2,0,11,1.027581838794233
gated_fusion,2,1,10,0.4135088053335368
gated_fusion,2,2,8,0.5173181742945344
gated_fusion,3,0,55,0.389197839791387
gated_fusion,3,1,10,1.0446556734378776
gated_fusion,3,2,10,0.3260269366127397
gated_fusion,4,0,23,0.4902490258216858
gated_fusion,4,1,22,0.5119439051019279
gated_fusion,4,2,6,0.7594858207917131
branch_fusion,0,0,8,0.5455285643314408
branch_fusion,0,1,24,0.6043050870763389
branch_fusion,0,2,46,0.663696357123167
branch_fusion,1,0,28,0.4121810971246871
branch_fusion,1,1,5,0.5798184594274804
branch_fusion,1,2,9,0.5377925543636599
branch_fusion,2,0,7,0.976840039953641
branch_fusion,2,1,35,0.4306605442275638
branch_fusion,2,2,4,0.5432442898981299
branch_fusion,3,0,48,0.4227715722417336
branch_fusion,3,1,5,0.9988020800801709
branch_fusion,3,2,73,0.3058819490836153
branch_fusion,4,0,34,0.4926178989739254
branch_fusion,4,1,18,0.5136294112279753
branch_fusion,4,2,83,0.748376389688274
