feature_set,fold,n_train,n_test,spearman,spearman_p,rmse,r2
wt_local,0,3980,1016,0.7537092294368921,4.698815592506508e-187,0.7639041290733534,0.5679926146951129
wt_local,1,4028,968,0.7639002502983375,5.998943697079648e-186,0.732148207150533,0.5987958730909999
wt_local,2,3980,1016,0.7563909074104134,3.947193894350141e-189,0.7631839733776516,0.5569019238176605
wt_local,3,3959,1037,0.7670763983129487,9.92773001455624e-202,0.7307602932221866,0.5982838688186713
wt_local,4,4037,959,0.7601615686844306,2.0804440473516725e-181,0.7343604182198971,0.5839634480861748
mut_local,0,3980,1016,0.8675337157466239,7.95988179282354e-310,0.5894817087040357,0.7427507461699481
mut_local,1,4028,968,0.8606018543888023,2.4724370001788708e-285,0.5735184627004037,0.7538146577335916
mut_local,2,3980,1016,0.8666202809482503,2.026530980969172e-308,0.5789982863497555,0.7449672595280372
mut_local,3,3959,1037,0.8564630746000971,1.7193168235655762e-299,0.5993651500043365,0.7297583005136132
mut_local,4,4037,959,0.8575390460879353,1.615202665748751e-278,0.585613093357393,0.7354336998885447
delta_local,0,3980,1016,0.8318458323621964,1.574110336578291e-261,0.6435444927313715,0.6934010858097532
delta_local,1,4028,968,0.8361116681622155,3.774360557870133e-254,0.6144186514559514,0.7174494436618359
delta_local,2,3980,1016,0.8326639784918551,1.6634235157617488e-262,0.6494615694311782,0.6791158274239233
delta_local,3,3959,1037,0.8280715325101923,2.2390374587992803e-262,0.6610257778827531,0.671295098216099
delta_local,4,4037,959,0.8195646370719326,1.1013424365133697e-233,0.640201173906535,0.6838116242486068
wt_local_delta_local,0,3980,1016,0.8680270016598853,1.3719404534924e-310,0.5819211688322903,0.7493072534971241
wt_local_delta_local,1,4028,968,0.8655898071351927,2.036277739851471e-292,0.5698766418135115,0.7569312665580661
wt_local_delta_local,2,3980,1016,0.87289269646909,0.0,0.5615678414087941,0.7600913868278102
wt_local_delta_local,3,3959,1037,0.8631595008175962,2.011895128646623e-309,0.5858331712427401,0.7418231448762143
wt_local_delta_local,4,4037,959,0.8627693959652649,1.0392944035759745e-285,0.5812094818797262,0.7393976372711564
full,0,3980,1016,0.8544208484467362,1.3800004567704853e-290,0.6139879618328569,0.7209171375437489
full,1,4028,968,0.8483515222462543,4.811898373846287e-269,0.6283745526565009,0.7044679656760462
full,2,3980,1016,0.8641181524570641,1.273443057447945e-304,0.5892540267778713,0.7358525034498282
full,3,3959,1037,0.8411680534745624,1.3819788203987622e-278,0.6453726356912458,0.6866782938578698
full,4,4037,959,0.8541578410008688,5.080633372098638e-274,0.6181035507928041,0.705262466880338
