protein,split,coverage,subset_n,uncertainty_selected_rmse,random_rmse_mean,random_ci_low,random_ci_high,oracle_rmse,rmse_reduction_vs_random,random_percentile,source_oof_file
TEM-1,random,0.2,999,0.1535176178617526,0.4413272141700894,0.4153249426824835,0.46744855731157053,0.02314021588433642,0.6521455896381992,0.0,results/tem1/deep_ensemble_uncertainty/random_oof_predictions.csv
TEM-1,random,0.4,1998,0.2909934576854885,0.44256782351376656,0.4256636143339431,0.45924300881553076,0.05591402233515997,0.3424884453299239,0.0,results/tem1/deep_ensemble_uncertainty/random_oof_predictions.csv
TEM-1,random,0.6,2997,0.37241720241364723,0.442733442361284,0.4312217972622672,0.4536546459745147,0.11896416971148155,0.1588229693528698,0.0,results/tem1/deep_ensemble_uncertainty/random_oof_predictions.csv
TEM-1,random,0.8,3996,0.4148981175623401,0.44266141029186723,0.435866477636575,0.44916074464181177,0.21616809160463207,0.06271902651559694,0.0,results/tem1/deep_ensemble_uncertainty/random_oof_predictions.csv
TEM-1,random,1.0,4996,0.4426553128091673,0.4426553128091673,0.44265531280916726,0.4426553128091673,0.44265531280916726,0.0,1.0,results/tem1/deep_ensemble_uncertainty/random_oof_predictions.csv
TEM-1,modulo,0.2,999,0.5613721961910665,0.79064699779018,0.7505395883534438,0.8270644539109537,0.04667444822676215,0.2899837756165842,0.0,results/tem1/deep_ensemble_uncertainty/modulo_oof_predictions.csv
TEM-1,modulo,0.4,1998,0.6633760857139207,0.791879055882831,0.7694782235045862,0.8152869198597463,0.1368699491535749,0.16227600567822573,0.0,results/tem1/deep_ensemble_uncertainty/modulo_oof_predictions.csv
TEM-1,modulo,0.6,2997,0.746366362688533,0.791750079016455,0.7744881131421051,0.8066712606565376,0.2734377860253103,0.05732076008669249,0.0,results/tem1/deep_ensemble_uncertainty/modulo_oof_predictions.csv
TEM-1,modulo,0.8,3996,0.7899619763154382,0.7916089456370254,0.7816816394222831,0.8004393087146243,0.45317545174440516,0.0020805339942967698,0.357,results/tem1/deep_ensemble_uncertainty/modulo_oof_predictions.csv
TEM-1,modulo,1.0,4996,0.7915367776454154,0.7915367776454154,0.7915367776454154,0.7915367776454155,0.7915367776454154,0.0,0.937,results/tem1/deep_ensemble_uncertainty/modulo_oof_predictions.csv
TEM-1,contiguous,0.2,999,0.589465719717549,0.8231186936973796,0.7851996968947021,0.8590197506088103,0.059203660658476404,0.2838630391569424,0.0,results/tem1/deep_ensemble_uncertainty/contiguous_oof_predictions.csv
TEM-1,contiguous,0.4,1998,0.7070202115106241,0.8241116284485474,0.802072691916351,0.8461435942649589,0.1582060741616042,0.142081986099816,0.0,results/tem1/deep_ensemble_uncertainty/contiguous_oof_predictions.csv
TEM-1,contiguous,0.6,2997,0.7899497077030738,0.8243557566477725,0.8084376858040588,0.8392275111212509,0.29992160793068606,0.04173689413489419,0.0,results/tem1/deep_ensemble_uncertainty/contiguous_oof_predictions.csv
TEM-1,contiguous,0.8,3996,0.8212959196776414,0.8242117176449633,0.8148924556526806,0.8337275431782549,0.4891287180689621,0.0035376807983915287,0.248,results/tem1/deep_ensemble_uncertainty/contiguous_oof_predictions.csv
TEM-1,contiguous,1.0,4996,0.8241408539039365,0.8241408539039364,0.8241408539039365,0.8241408539039367,0.8241408539039365,-1.3471277626464643e-16,0.082,results/tem1/deep_ensemble_uncertainty/contiguous_oof_predictions.csv
GFP,random,0.2,216,0.2058138044579585,0.4409103690418443,0.34973725700990127,0.5246655328478332,0.019229264878340337,0.5332071574882243,0.0,results/gfp/deep_ensemble_uncertainty/oof_predictions.csv
GFP,random,0.4,433,0.16765932515666854,0.44549698683243366,0.3905191977632544,0.49551891496453043,0.041047837451799025,0.6236577797107956,0.0,results/gfp/deep_ensemble_uncertainty/oof_predictions.csv
GFP,random,0.6,650,0.1917740031445518,0.4445323640957616,0.40693161523348503,0.47952778608371444,0.06538400416080294,0.5685938333541903,0.0,results/gfp/deep_ensemble_uncertainty/oof_predictions.csv
GFP,random,0.8,867,0.30090684005449236,0.44648856234421086,0.42395876567850094,0.46599503574271056,0.10558804829915543,0.3260592422017865,0.0,results/gfp/deep_ensemble_uncertainty/oof_predictions.csv
GFP,random,1.0,1084,0.44577283524747585,0.4457728352474757,0.4457728352474758,0.44577283524747585,0.4457728352474758,-3.735836742975166e-16,1.0,results/gfp/deep_ensemble_uncertainty/oof_predictions.csv
TPMT,random,0.2,729,0.23562623493293172,0.2647114245034905,0.24623542531626114,0.28092076821365397,0.03278778202803672,0.1098750823660626,0.001,results/tpmt/deep_ensemble_uncertainty/random/oof_predictions.csv
TPMT,random,0.4,1459,0.24072040302416672,0.2644760991384485,0.2538835507708683,0.2747534321034089,0.06574954629896793,0.08982171240300278,0.0,results/tpmt/deep_ensemble_uncertainty/random/oof_predictions.csv
TPMT,random,0.6,2188,0.248099369926461,0.26451689596912525,0.2573417784167024,0.27175449239129,0.10432166023324486,0.06206607703645715,0.0,results/tpmt/deep_ensemble_uncertainty/random/oof_predictions.csv
TPMT,random,0.8,2918,0.25050481148642845,0.26443776861036244,0.2597700892895517,0.26860320404556476,0.1537163082691386,0.05268898310991122,0.0,results/tpmt/deep_ensemble_uncertainty/random/oof_predictions.csv
TPMT,random,1.0,3648,0.2644587707464276,0.2644587707464275,0.26445877074642754,0.2644587707464276,0.2644587707464276,-4.198094929850816e-16,1.0,results/tpmt/deep_ensemble_uncertainty/random/oof_predictions.csv
TPMT,position,0.2,729,0.26261466530688565,0.2883003779713247,0.2726450827201276,0.30477539561383615,0.03746550244198653,0.08909357956857697,0.001,results/tpmt/deep_ensemble_uncertainty/position/oof_predictions.csv
TPMT,position,0.4,1459,0.26592598593068845,0.2884807795635428,0.27909973055831366,0.2984211269046906,0.07668137729315531,0.0781847361442195,0.0,results/tpmt/deep_ensemble_uncertainty/position/oof_predictions.csv
TPMT,position,0.6,2188,0.27628629853324443,0.2885470760625493,0.2821600373411862,0.2946676846430148,0.12062852774647909,0.042491428770004475,0.0,results/tpmt/deep_ensemble_uncertainty/position/oof_predictions.csv
TPMT,position,0.8,2918,0.2813021070752566,0.2885550680467735,0.28461302123136245,0.29233663851569863,0.1761580942320872,0.02513544822002996,0.002,results/tpmt/deep_ensemble_uncertainty/position/oof_predictions.csv
TPMT,position,1.0,3648,0.2885391727255845,0.2885391727255845,0.2885391727255845,0.2885391727255845,0.2885391727255845,0.0,1.0,results/tpmt/deep_ensemble_uncertainty/position/oof_predictions.csv
