pair_id,source_candidate_id,candidate_id,replicate_key,wt_candidate_global_ca_rmsd,functional_site_global_aligned_ca_rmsd,functional_site_internal_rmsd,functional_site_pairwise_distance_rmse,chromophore_neighborhood_global_aligned_ca_rmsd,chromophore_neighborhood_internal_rmsd,chromophore_neighborhood_pairwise_distance_rmse,candidate_functional_plddt_mean,candidate_functional_plddt_min,candidate_chromophore_motif_plddt_mean,candidate_neighborhood_plddt_mean,min_mutation_to_chromophore_heavy_atom_distance_wt,min_mutation_to_chromophore_heavy_atom_distance_candidate
pair_01,esm3_gfp_00033,candidate_01,model_1_seed_42,0.7548696558735085,0.2357371248533731,0.06393754060335774,0.06967910695247355,0.23628551801276343,0.14504724834685293,0.1037925645175685,92.85,75.38,84.92,96.654,12.846653494198401,12.96971753740227
pair_01,esm3_gfp_00033,candidate_01,model_1_seed_43,1.4123898469027945,0.43020293130320225,0.05595201116524402,0.051270464215649944,0.45060817424989685,0.06435975597068373,0.05600372984107872,93.86777777777777,79.44,87.16666666666667,97.04183333333334,12.882270219181091,13.014973568932056
pair_01,esm3_gfp_00033,candidate_01,model_1_seed_44,1.5683805849948373,0.42700373961929167,0.0711457898614499,0.07946306741054772,0.4869924353907665,0.09650977292411732,0.08573601480088867,91.24444444444444,65.44,79.71,96.35416666666666,12.926287711481592,12.985831856296308
pair_02,esm3_gfp_00026,candidate_02,model_1_seed_42,0.405911983681425,0.17374437178706092,0.12171371434942421,0.13321188747386775,0.20153536484383697,0.16583674847519247,0.12098670379095297,96.63222222222223,92.62,94.48,97.70483333333335,5.854201653513483,6.855684794387794
pair_02,esm3_gfp_00026,candidate_02,model_1_seed_43,1.3293476488402451,0.36895647308536994,0.10634525701099752,0.10867621069297143,0.3854715408328429,0.09307944778202104,0.07881871700495625,96.63777777777779,92.38,94.41666666666667,97.75916666666667,5.933810664320189,6.839200172534797
pair_02,esm3_gfp_00026,candidate_02,model_1_seed_44,0.34311285074556114,0.11988765432685818,0.08842096868972812,0.09065095964121403,0.14601233025937244,0.09295883533719482,0.08192909073898673,95.48555555555555,87.06,91.45666666666666,97.39183333333332,5.8582295960469155,6.836500127989467
pair_03,esm3_gfp_00045,candidate_03,model_1_seed_42,0.36269973554837737,0.13203658970855578,0.10862612083391482,0.11552293065380019,0.17454434294372784,0.16198068214638783,0.12189065756873538,96.07,90.56,93.27333333333333,97.66316666666667,3.4263667346038718,4.421923224118664
pair_03,esm3_gfp_00045,candidate_03,model_1_seed_43,1.3423277173379748,0.4037370865573587,0.11763703884904733,0.12599622006314687,0.4299577518279682,0.09399666153665626,0.08892773486230121,96.77666666666667,93.5,95.02333333333333,97.85516666666668,3.413546103394533,4.448032598801407
pair_03,esm3_gfp_00045,candidate_03,model_1_seed_44,0.22608145725724382,0.08138440241611354,0.051305017177344855,0.054744313316801935,0.07892323349937708,0.06066902449716677,0.05648951783489404,96.31222222222222,91.44,93.81333333333333,97.70183333333334,3.508703179238734,4.368055974916072
pair_04,esm3_gfp_00037,candidate_04,model_1_seed_42,1.335134594347259,0.3923590222243216,0.07005854482604223,0.051230333642533654,0.43607039110792284,0.13349528109569325,0.10647525958870432,92.61666666666666,76.81,84.79,96.51116666666667,5.715952589026609,6.331153291462781
pair_04,esm3_gfp_00037,candidate_04,model_1_seed_43,1.2210045501151727,0.3666302063572449,0.06531080451527045,0.049201704665332684,0.3739707977817385,0.06583076085672458,0.055899723149422105,89.90555555555555,63.94,77.00333333333333,95.72099999999999,5.689926888809732,6.387329723757809
pair_04,esm3_gfp_00037,candidate_04,model_1_seed_44,1.659951443958355,0.4904977950874962,0.09253890758953298,0.08426363957429535,0.5429417044300604,0.0844464139567182,0.07485992350480061,95.4588888888889,88.25,91.27,97.5475,5.5826667462781625,6.420667488665022
pair_05,esm3_gfp_00008,candidate_05,model_1_seed_42,0.46584650865579547,0.187008270486052,0.08015873121571312,0.07655208397415894,0.20778476247655053,0.14305823163330178,0.1068857428285338,96.41777777777777,93.19,94.44,97.68416666666667,8.819588765923273,8.572817098247228
pair_05,esm3_gfp_00008,candidate_05,model_1_seed_43,1.2996475578722326,0.35240127696122014,0.050380594270664596,0.056776561634829165,0.3699130799733591,0.04995336489812169,0.044628889234599914,94.86888888888888,85.19,89.69,97.30533333333331,8.814861258125395,8.545068870407071
pair_05,esm3_gfp_00008,candidate_05,model_1_seed_44,0.22354854941016017,0.11868955259280806,0.0556083447473517,0.0545192012349679,0.08932468917041683,0.050267873582995934,0.04340368070897622,94.51444444444445,82.5,88.96,97.20033333333332,8.74469124669362,8.574065196859655
pair_06,esm3_gfp_00010,candidate_06,model_1_seed_42,0.39733221635977484,0.16470892551584423,0.09595066255061697,0.11392554546290716,0.18802770743141733,0.15542487024343546,0.11327034369660811,94.48555555555555,82.62,88.72666666666667,97.2335,9.176832841454617,9.051018285253875
pair_06,esm3_gfp_00010,candidate_06,model_1_seed_43,0.2273361727018654,0.1248702782568601,0.07637709812527055,0.08697765192055906,0.11382626752115046,0.07547250350036204,0.06679077839129449,90.18666666666667,63.62,77.18333333333334,95.99666666666666,9.076737354358118,9.039748945628967
pair_06,esm3_gfp_00010,candidate_06,model_1_seed_44,1.4635343017889946,0.370978277635013,0.05678882684065148,0.05360447875094291,0.4114357006905256,0.06693251900725732,0.05605338675417242,96.60555555555555,92.88,94.68666666666667,97.76316666666668,9.129383221225845,9.141596359498704
