sequence_id,replicate_key,structure_path,sequence_length,mean_plddt
WT,model_1_seed_44,/var/workspace/chaewon/protein-virtual-evolution/results/gfp/colabfold_structural_validation/predictions/WT_unrelaxed_rank_001_alphafold2_ptm_model_1_seed_044.pdb,238,95.35932773109242
WT,model_1_seed_43,/var/workspace/chaewon/protein-virtual-evolution/results/gfp/colabfold_structural_validation/predictions/WT_unrelaxed_rank_002_alphafold2_ptm_model_1_seed_043.pdb,238,95.0842857142857
WT,model_1_seed_42,/var/workspace/chaewon/protein-virtual-evolution/results/gfp/colabfold_structural_validation/predictions/WT_unrelaxed_rank_003_alphafold2_ptm_model_1_seed_042.pdb,238,94.08995798319329
candidate_01,model_1_seed_43,/var/workspace/chaewon/protein-virtual-evolution/results/gfp/colabfold_structural_validation/predictions/candidate_01_unrelaxed_rank_001_alphafold2_ptm_model_1_seed_043.pdb,238,94.6701680672269
candidate_01,model_1_seed_44,/var/workspace/chaewon/protein-virtual-evolution/results/gfp/colabfold_structural_validation/predictions/candidate_01_unrelaxed_rank_002_alphafold2_ptm_model_1_seed_044.pdb,238,94.6058823529412
candidate_01,model_1_seed_42,/var/workspace/chaewon/protein-virtual-evolution/results/gfp/colabfold_structural_validation/predictions/candidate_01_unrelaxed_rank_003_alphafold2_ptm_model_1_seed_042.pdb,238,94.473487394958
candidate_02,model_1_seed_43,/var/workspace/chaewon/protein-virtual-evolution/results/gfp/colabfold_structural_validation/predictions/candidate_02_unrelaxed_rank_001_alphafold2_ptm_model_1_seed_043.pdb,238,95.28352941176472
candidate_02,model_1_seed_44,/var/workspace/chaewon/protein-virtual-evolution/results/gfp/colabfold_structural_validation/predictions/candidate_02_unrelaxed_rank_002_alphafold2_ptm_model_1_seed_044.pdb,238,94.9068487394958
candidate_02,model_1_seed_42,/var/workspace/chaewon/protein-virtual-evolution/results/gfp/colabfold_structural_validation/predictions/candidate_02_unrelaxed_rank_003_alphafold2_ptm_model_1_seed_042.pdb,238,94.94386554621849
candidate_03,model_1_seed_44,/var/workspace/chaewon/protein-virtual-evolution/results/gfp/colabfold_structural_validation/predictions/candidate_03_unrelaxed_rank_001_alphafold2_ptm_model_1_seed_044.pdb,238,95.26525210084033
candidate_03,model_1_seed_43,/var/workspace/chaewon/protein-virtual-evolution/results/gfp/colabfold_structural_validation/predictions/candidate_03_unrelaxed_rank_002_alphafold2_ptm_model_1_seed_043.pdb,238,95.21756302521011
candidate_03,model_1_seed_42,/var/workspace/chaewon/protein-virtual-evolution/results/gfp/colabfold_structural_validation/predictions/candidate_03_unrelaxed_rank_003_alphafold2_ptm_model_1_seed_042.pdb,238,95.20226890756302
candidate_04,model_1_seed_44,/var/workspace/chaewon/protein-virtual-evolution/results/gfp/colabfold_structural_validation/predictions/candidate_04_unrelaxed_rank_001_alphafold2_ptm_model_1_seed_044.pdb,238,95.32096638655462
candidate_04,model_1_seed_42,/var/workspace/chaewon/protein-virtual-evolution/results/gfp/colabfold_structural_validation/predictions/candidate_04_unrelaxed_rank_002_alphafold2_ptm_model_1_seed_042.pdb,238,94.78815126050418
candidate_04,model_1_seed_43,/var/workspace/chaewon/protein-virtual-evolution/results/gfp/colabfold_structural_validation/predictions/candidate_04_unrelaxed_rank_003_alphafold2_ptm_model_1_seed_043.pdb,238,94.40781512605042
candidate_05,model_1_seed_43,/var/workspace/chaewon/protein-virtual-evolution/results/gfp/colabfold_structural_validation/predictions/candidate_05_unrelaxed_rank_001_alphafold2_ptm_model_1_seed_043.pdb,238,95.14105042016807
candidate_05,model_1_seed_42,/var/workspace/chaewon/protein-virtual-evolution/results/gfp/colabfold_structural_validation/predictions/candidate_05_unrelaxed_rank_002_alphafold2_ptm_model_1_seed_042.pdb,238,94.97844537815128
candidate_05,model_1_seed_44,/var/workspace/chaewon/protein-virtual-evolution/results/gfp/colabfold_structural_validation/predictions/candidate_05_unrelaxed_rank_003_alphafold2_ptm_model_1_seed_044.pdb,238,94.92554621848738
candidate_06,model_1_seed_44,/var/workspace/chaewon/protein-virtual-evolution/results/gfp/colabfold_structural_validation/predictions/candidate_06_unrelaxed_rank_001_alphafold2_ptm_model_1_seed_044.pdb,238,95.37831932773109
candidate_06,model_1_seed_42,/var/workspace/chaewon/protein-virtual-evolution/results/gfp/colabfold_structural_validation/predictions/candidate_06_unrelaxed_rank_002_alphafold2_ptm_model_1_seed_042.pdb,238,94.9405462184874
candidate_06,model_1_seed_43,/var/workspace/chaewon/protein-virtual-evolution/results/gfp/colabfold_structural_validation/predictions/candidate_06_unrelaxed_rank_003_alphafold2_ptm_model_1_seed_043.pdb,238,94.81550420168065
seed_01,model_1_seed_44,/var/workspace/chaewon/protein-virtual-evolution/results/gfp/colabfold_structural_validation/predictions/seed_01_unrelaxed_rank_001_alphafold2_ptm_model_1_seed_044.pdb,238,94.93579831932773
seed_01,model_1_seed_43,/var/workspace/chaewon/protein-virtual-evolution/results/gfp/colabfold_structural_validation/predictions/seed_01_unrelaxed_rank_002_alphafold2_ptm_model_1_seed_043.pdb,238,94.75810924369748
seed_01,model_1_seed_42,/var/workspace/chaewon/protein-virtual-evolution/results/gfp/colabfold_structural_validation/predictions/seed_01_unrelaxed_rank_003_alphafold2_ptm_model_1_seed_042.pdb,238,94.58873949579834
seed_02,model_1_seed_43,/var/workspace/chaewon/protein-virtual-evolution/results/gfp/colabfold_structural_validation/predictions/seed_02_unrelaxed_rank_001_alphafold2_ptm_model_1_seed_043.pdb,238,95.23773109243697
seed_02,model_1_seed_44,/var/workspace/chaewon/protein-virtual-evolution/results/gfp/colabfold_structural_validation/predictions/seed_02_unrelaxed_rank_002_alphafold2_ptm_model_1_seed_044.pdb,238,95.08966386554621
seed_02,model_1_seed_42,/var/workspace/chaewon/protein-virtual-evolution/results/gfp/colabfold_structural_validation/predictions/seed_02_unrelaxed_rank_003_alphafold2_ptm_model_1_seed_042.pdb,238,95.06848739495798
seed_03,model_1_seed_42,/var/workspace/chaewon/protein-virtual-evolution/results/gfp/colabfold_structural_validation/predictions/seed_03_unrelaxed_rank_001_alphafold2_ptm_model_1_seed_042.pdb,238,94.97457983193277
seed_03,model_1_seed_43,/var/workspace/chaewon/protein-virtual-evolution/results/gfp/colabfold_structural_validation/predictions/seed_03_unrelaxed_rank_002_alphafold2_ptm_model_1_seed_043.pdb,238,94.81752100840336
seed_03,model_1_seed_44,/var/workspace/chaewon/protein-virtual-evolution/results/gfp/colabfold_structural_validation/predictions/seed_03_unrelaxed_rank_003_alphafold2_ptm_model_1_seed_044.pdb,238,94.70037815126048
seed_04,model_1_seed_42,/var/workspace/chaewon/protein-virtual-evolution/results/gfp/colabfold_structural_validation/predictions/seed_04_unrelaxed_rank_001_alphafold2_ptm_model_1_seed_042.pdb,238,95.06903361344538
seed_04,model_1_seed_43,/var/workspace/chaewon/protein-virtual-evolution/results/gfp/colabfold_structural_validation/predictions/seed_04_unrelaxed_rank_002_alphafold2_ptm_model_1_seed_043.pdb,238,95.0194537815126
seed_04,model_1_seed_44,/var/workspace/chaewon/protein-virtual-evolution/results/gfp/colabfold_structural_validation/predictions/seed_04_unrelaxed_rank_003_alphafold2_ptm_model_1_seed_044.pdb,238,94.22970588235295
seed_05,model_1_seed_42,/var/workspace/chaewon/protein-virtual-evolution/results/gfp/colabfold_structural_validation/predictions/seed_05_unrelaxed_rank_001_alphafold2_ptm_model_1_seed_042.pdb,238,95.19134453781511
seed_05,model_1_seed_43,/var/workspace/chaewon/protein-virtual-evolution/results/gfp/colabfold_structural_validation/predictions/seed_05_unrelaxed_rank_002_alphafold2_ptm_model_1_seed_043.pdb,238,94.98743697478993
seed_05,model_1_seed_44,/var/workspace/chaewon/protein-virtual-evolution/results/gfp/colabfold_structural_validation/predictions/seed_05_unrelaxed_rank_003_alphafold2_ptm_model_1_seed_044.pdb,238,94.64521008403361
seed_06,model_1_seed_44,/var/workspace/chaewon/protein-virtual-evolution/results/gfp/colabfold_structural_validation/predictions/seed_06_unrelaxed_rank_001_alphafold2_ptm_model_1_seed_044.pdb,238,95.17600840336134
seed_06,model_1_seed_43,/var/workspace/chaewon/protein-virtual-evolution/results/gfp/colabfold_structural_validation/predictions/seed_06_unrelaxed_rank_002_alphafold2_ptm_model_1_seed_043.pdb,238,95.12268907563025
seed_06,model_1_seed_42,/var/workspace/chaewon/protein-virtual-evolution/results/gfp/colabfold_structural_validation/predictions/seed_06_unrelaxed_rank_003_alphafold2_ptm_model_1_seed_042.pdb,238,95.13768907563025
