split,coverage,n_samples,uncertainty_rmse,uncertainty_mae,random_rmse_mean,random_rmse_std,random_rmse_ci_low,random_rmse_ci_high,random_mae_mean,random_mae_std,random_mae_ci_low,random_mae_ci_high,oracle_rmse,oracle_mae,uncertainty_rmse_reduction_vs_random,uncertainty_mae_reduction_vs_random,uncertainty_rmse_random_percentile
random,0.2,999,0.1535176178617526,0.06576385033989493,0.4413272141700894,0.013384685826140531,0.4153249426824835,0.46744855731157053,0.29688468633196147,0.009051591680532404,0.28004023590363153,0.31477590930159455,0.02314021588433642,0.019774497472120962,0.6521455896381992,0.7784868894640086,0.0
random,0.4,1998,0.2909934576854885,0.14816683372411169,0.44256782351376656,0.008389441219598049,0.4256636143339431,0.45924300881553076,0.29747617057231845,0.00551855781126964,0.28619978177150734,0.30796763821460393,0.05591402233515997,0.046192002440276415,0.3424884453299239,0.5019203271339298,0.0
random,0.6,2997,0.37241720241364723,0.22500086770667946,0.442733442361284,0.005671808991210735,0.4312217972622672,0.4536546459745147,0.2976317164326913,0.0037582938311675664,0.29041892283143356,0.30468527950318885,0.11896416971148155,0.09258694762868759,0.1588229693528698,0.24402926407353212,0.0
random,0.8,3996,0.4148981175623401,0.27033727731602486,0.44266141029186723,0.003468342365741803,0.435866477636575,0.44916074464181177,0.29750537055608756,0.002267694640562332,0.2930554109395174,0.30186684069661424,0.21616809160463207,0.1628218353432635,0.06271902651559694,0.09131967328616947,0.0
random,1.0,4996,0.4426553128091673,0.2974908483247791,0.4426553128091673,0.0,0.4426553128091673,0.4426553128091673,0.2974908483247791,0.0,0.2974908483247791,0.2974908483247791,0.44265531280916726,0.29749084832477907,0.0,0.0,1.0
modulo,0.2,999,0.5613721961910665,0.23863646277348877,0.79064699779018,0.019806254268253352,0.7505395883534438,0.8270644539109537,0.5723530633112248,0.015403836762267817,0.5418472739520431,0.6007749126891448,0.04667444822676215,0.03917657743656883,0.2899837756165842,0.5830607398291727,0.0
modulo,0.4,1998,0.6633760857139207,0.37474194969088054,0.791879055882831,0.01171888156333657,0.7694782235045862,0.8152869198597463,0.5731484857200444,0.009130196453475696,0.5558114490083711,0.5914118505154579,0.1368699491535749,0.10945113696300958,0.16227600567822573,0.3461695197186231,0.0
modulo,0.6,2997,0.746366362688533,0.48348639141686633,0.791750079016455,0.007952889143062787,0.7744881131421051,0.8066712606565376,0.5729844284201594,0.006186386464232928,0.5601971198641736,0.5847848451924951,0.2734377860253103,0.21415081268679545,0.05732076008669249,0.15619628137200567,0.0
modulo,0.8,3996,0.7899619763154382,0.5526389975931513,0.7916089456370254,0.004796564629232969,0.7816816394222831,0.8004393087146243,0.57287835404594,0.0037527778960611173,0.5655837445833469,0.5800161027776328,0.45317545174440516,0.35145170581019364,0.0020805339942967698,0.0353292392876232,0.357
modulo,1.0,4996,0.7915367776454154,0.5728271227045371,0.7915367776454154,0.0,0.7915367776454154,0.7915367776454154,0.5728271227045372,1.110778552818352e-16,0.5728271227045371,0.5728271227045371,0.7915367776454154,0.5728271227045371,0.0,1.938146747282787e-16,1.0
contiguous,0.2,999,0.589465719717549,0.2994784561182428,0.8231186936973796,0.019049185665844792,0.7851996968947021,0.8590197506088103,0.6091897904977973,0.01565922413319881,0.5785273747714764,0.6402139693587612,0.059203660658476404,0.050097844817691105,0.2838630391569424,0.5083987604691717,0.0
contiguous,0.4,1998,0.7070202115106241,0.4227943225092784,0.8241116284485474,0.011322300914125184,0.802072691916351,0.8461435942649589,0.6098736129572565,0.00934121442530927,0.591744440640906,0.6280991309119125,0.1582060741616042,0.12875697518583717,0.142081986099816,0.3067509176874155,0.0
contiguous,0.6,2997,0.7899497077030738,0.5311309518427005,0.8243557566477725,0.0075396770472424155,0.8084376858040588,0.8392275111212509,0.6099986285126819,0.006168715469649291,0.5976843264817687,0.621861191077646,0.29992160793068606,0.23937234873373936,0.04173689413489419,0.12929156392085517,0.0
contiguous,0.8,3996,0.8212959196776414,0.5897557809597831,0.8242117176449633,0.0046963370115971495,0.8148924556526806,0.8337275431782549,0.609914139429515,0.003839142937427855,0.6024137930114539,0.6175959048234991,0.4891287180689621,0.3845289827426317,0.0035376807983915287,0.03305114140916144,0.248
contiguous,1.0,4996,0.8241408539039365,0.6098528643801661,0.8241408539039364,2.221557105636704e-16,0.8241408539039367,0.8241408539039367,0.6098528643801661,0.0,0.6098528643801661,0.6098528643801661,0.8241408539039365,0.6098528643801661,-1.3471277626464643e-16,0.0,0.0
