fold,member,seed,final_train_loss_scaled,spearman,rmse,mae,r2
0,0,42,0.13530057509668725,0.5170320378082935,0.2952994973260208,0.22647613644157447,0.34627475970448696
0,1,43,0.1352431522391969,0.5210766740447106,0.2982767071887703,0.23157884454537567,0.33302659345110797
0,2,44,0.13598856191830752,0.5175866920159159,0.29257891964610494,0.22686515605805574,0.35826474042471035
0,3,45,0.13615536236954945,0.5000933870796885,0.29741638398388026,0.22917369050575054,0.33686856405993026
0,4,46,0.1393667615237976,0.5318055950476043,0.2973498087638513,0.2289788078266858,0.33716540836617026
1,0,1042,0.11655865967232845,0.38834631842594936,0.2815255113794937,0.21437415497004753,0.16481651072380932
1,1,1043,0.12231491796256011,0.3968368517143486,0.28583756400923543,0.21588893095801587,0.13903600045292797
1,2,1044,0.12442666925119544,0.40485806614333075,0.27704236161654827,0.21055023309555337,0.19120445680778309
1,3,1045,0.13512137136845137,0.4111733647338996,0.28991466431831564,0.21740338578430318,0.11429977604603914
1,4,1046,0.12644658533982067,0.4028779995226016,0.28362675531238435,0.2158846409077231,0.15230273594317079
2,0,2042,0.1320978430360862,0.5491532217919832,0.275567035583661,0.21372010134117178,0.41397176808426195
2,1,2043,0.12934398014836315,0.5481623532095456,0.2851411990620284,0.22055932883671162,0.3725430225483496
2,2,2044,0.12923073075134678,0.5477225361294015,0.2837608843102458,0.21995967892265972,0.37860312077563696
2,3,2045,0.12995967137703265,0.5556865320825785,0.28030971280797373,0.21443674623950798,0.3936263749085387
2,4,2046,0.13694739346842474,0.5409529066740576,0.288290119415467,0.22527544270600908,0.35860801864482605
3,0,3042,0.12861695262648784,0.4722658360792981,0.2947976773510508,0.22904887569751597,0.31004612268559395
3,1,3043,0.12900148550172305,0.46788271863282216,0.29918432623370034,0.23084984453492766,0.2893600471848907
3,2,3044,0.13142210362585052,0.4697588355366216,0.2988028689535507,0.229909100923204,0.2911710108506129
3,3,3045,0.1266352703221617,0.47285631009726153,0.3005332480417792,0.2330944694707254,0.2829375267272942
3,4,3046,0.1306279381868609,0.44180410757627175,0.299776224501152,0.23575542783828643,0.2865454436238192
4,0,4042,0.13022233319200882,0.5168138505292716,0.3131296531873076,0.24000905508438697,0.29589456777032974
4,1,4043,0.12318770816064861,0.5107099951972335,0.3225493603615326,0.24853160492519366,0.25289495178640453
4,2,4044,0.12336417514167419,0.5230994346843346,0.3113267906156847,0.2412193932458809,0.3039790847049396
4,3,4045,0.1295505938464648,0.5248467745793132,0.3132180345071369,0.2429678697355077,0.2954970420234766
4,4,4046,0.12497293442895968,0.49982268765701443,0.32461228912432777,0.24790422190851655,0.24330787280185795
