mutation_count,n_variants,n_with_observed_parent,fraction_with_observed_parent,n_reachable_from_single,fraction_reachable_from_single,mean_observed_parent_count,max_observed_parent_count,mean_reachable_parent_count,mean_observed_child_count,max_observed_child_count
1,1084,0,,1084,1.0,0.0,0,0.0,22.800738007380073,133
2,12777,12762,0.9988260154965954,12762,0.9988260154965954,1.9344133990764656,2,1.9344133990764656,0.3384988651483134,7
3,12336,3678,0.29815175097276264,3678,0.29815175097276264,0.35059987029831385,3,0.35059987029831385,0.0026750972762645915,1
4,9387,33,0.003515500159795462,16,0.001704484925961436,0.003515500159795462,1,0.001704484925961436,0.0,0
5,6825,0,0.0,0,0.0,0.0,0,0.0,0.0,0
6,4298,0,0.0,0,0.0,0.0,0,0.0,0.0,0
7,2526,0,0.0,0,0.0,0.0,0,0.0,0.0,0
8,1364,0,0.0,0,0.0,0.0,0,0.0,0.0,0
9,627,0,0.0,0,0.0,0.0,0,0.0,0.0,0
10,299,0,0.0,0,0.0,0.0,0,0.0,0.0,0
11,118,0,0.0,0,0.0,0.0,0,0.0,0.0,0
12,43,0,0.0,0,0.0,0.0,0,0.0,0.0,0
13,23,0,0.0,0,0.0,0.0,0,0.0,0.0,0
14,5,0,0.0,0,0.0,0.0,0,0.0,0.0,0
15,2,0,0.0,0,0.0,0.0,0,0.0,0.0,0
