feature,input_dim,model,fold,n_train,n_test,selected_alpha,selected_epoch,parameter_count,spearman,rmse,mae,r2,inner_best_val_mse_scaled
simple_onehot,278,ridge,0,867,217,1000.0,,,0.5243391723859319,0.5517251087505097,0.31693446902820144,0.36089979354748536,
simple_onehot,278,compact_mlp,0,867,217,,3.0,39873.0,0.4761998712871752,0.5763342159824607,0.3536387683285092,0.3026155373605689,0.6160800408088524
simple_onehot,278,ridge,1,867,217,1000.0,,,0.4496857340154174,0.5159799857923848,0.2943211434712483,0.25420985494044035,
simple_onehot,278,compact_mlp,1,867,217,,61.0,39873.0,0.5824443223081874,0.5413912541250749,0.27281414538714516,0.17894282766747793,0.6193865711679896
simple_onehot,278,ridge,2,867,217,1000.0,,,0.4465877008789113,0.5220099830786696,0.3031047627754498,0.36772158900004825,
simple_onehot,278,compact_mlp,2,867,217,,4.0,39873.0,0.4417421797563852,0.543966886352769,0.32646783937895707,0.31341286417599035,0.7730547808508836
simple_onehot,278,ridge,3,867,217,1000.0,,,0.4334298679519159,0.4479072420764309,0.26526834479676376,0.2920729757537638,
simple_onehot,278,compact_mlp,3,867,217,,36.0,39873.0,0.45445257120308913,0.4183139420217068,0.2287198204134907,0.38252838033951553,0.5676044393757372
simple_onehot,278,ridge,4,868,216,100.0,,,0.47089510472856305,0.4936082350101953,0.2924971491707692,0.3599329466317758,
simple_onehot,278,compact_mlp,4,868,216,,43.0,39873.0,0.4838221460126935,0.46186340184799696,0.2535966974192079,0.4396133508204544,0.7938333249274101
wt_local,960,ridge,0,867,217,1000.0,,,0.40817293653614084,0.5732151013147402,0.3389802261843959,0.3101435858671796,
wt_local,960,compact_mlp,0,867,217,,1.0,127169.0,0.3750165889321503,0.6183416599954646,0.36052933472321447,0.19724970282198162,0.565294758964131
wt_local,960,ridge,1,867,217,1000.0,,,0.42756021189541876,0.5219749033914273,0.3089645714666878,0.23677924337976675,
wt_local,960,compact_mlp,1,867,217,,5.0,127169.0,0.44820180295920714,0.5514570754153144,0.29880981836102605,0.14812797921621024,0.7052743578798898
wt_local,960,ridge,2,867,217,1000.0,,,0.3931175394717461,0.5371697349355522,0.31751983502810255,0.3304641941519414,
wt_local,960,compact_mlp,2,867,217,,2.0,127169.0,0.44187246215230064,0.5431195520899226,0.30090026860237773,0.31555018433331883,0.7397645538999834
wt_local,960,ridge,3,867,217,1000.0,,,0.39886115696564706,0.48834308131423887,0.2987813902434167,0.15848395563204964,
wt_local,960,compact_mlp,3,867,217,,1.0,127169.0,0.34297715288153185,0.515277367458029,0.31935223520754885,0.06309737219184097,0.7209528318912019
wt_local,960,ridge,4,868,216,1000.0,,,0.498663760544958,0.5104946187254523,0.28449091582899455,0.31539034957551415,
wt_local,960,compact_mlp,4,868,216,,4.0,127169.0,0.4480363961996265,0.4976704950887284,0.27604524288570537,0.34935444414769523,0.8731883846166479
delta_local,960,ridge,0,867,217,1000.0,,,0.2838939857288481,0.5910797648960685,0.386419238270292,0.2664737776504341,
delta_local,960,compact_mlp,0,867,217,,22.0,127169.0,0.48996368795125833,0.5288822192963948,0.28187184874092347,0.4127251629478438,0.4171562031025195
delta_local,960,ridge,1,867,217,1000.0,,,0.24543163423009534,0.5402977774985934,0.3491872658645345,0.18225614366985798,
delta_local,960,compact_mlp,1,867,217,,24.0,127169.0,0.43992187977094754,0.4761816548145878,0.2459040758028451,0.36482082965833107,0.5243935402738684
delta_local,960,ridge,2,867,217,1000.0,,,0.3201567102129399,0.5570000949730672,0.3624888403404251,0.2801180667209988,
delta_local,960,compact_mlp,2,867,217,,34.0,127169.0,0.5322615876773912,0.49685556199380276,0.25664133461951283,0.42718939809284073,0.6760693460930395
delta_local,960,ridge,3,867,217,1000.0,,,0.24045340736669532,0.47301736724518917,0.3104610626296416,0.21047389271262384,
delta_local,960,compact_mlp,3,867,217,,7.0,127169.0,0.3243093429539124,0.4313199203955939,0.24779538373024299,0.3435353342648084,0.4774971695915433
delta_local,960,ridge,4,868,216,1000.0,,,0.3054287381369151,0.5111532276419049,0.34841917907462344,0.3136227271212719,
delta_local,960,compact_mlp,4,868,216,,14.0,127169.0,0.46168446873623165,0.46148093126619905,0.25183726550078367,0.4405410825377506,0.7978730711318155
mutant_local,960,ridge,0,867,217,1000.0,,,0.4578559449823138,0.5630344912812497,0.3531693264319812,0.3344304253599206,
mutant_local,960,compact_mlp,0,867,217,,3.0,127169.0,0.43861948449104415,0.5608860314999179,0.31796045551507746,0.33950017239212027,0.48855763036786143
mutant_local,960,ridge,1,867,217,1000.0,,,0.4107571508429751,0.5215857943769203,0.3419111194608516,0.2379167133359652,
mutant_local,960,compact_mlp,1,867,217,,8.0,127169.0,0.49562966396960945,0.5154663115559662,0.2857793974785974,0.2556940306961054,0.6994689468664067
mutant_local,960,ridge,2,867,217,1000.0,,,0.3823029261028669,0.5426343970378852,0.34719945182016815,0.3167724418356207,
mutant_local,960,compact_mlp,2,867,217,,35.0,127169.0,0.4849995537329068,0.5028864256711374,0.2630891284605198,0.41319938310437654,0.7327431454003313
mutant_local,960,ridge,3,867,217,1000.0,,,0.33670147549993656,0.4644329142787551,0.3100188860693158,0.23887094046050394,
mutant_local,960,compact_mlp,3,867,217,,4.0,127169.0,0.35749282449489617,0.4581774292864197,0.27513666335137704,0.2592362787288216,0.4720961342046734
mutant_local,960,ridge,4,868,216,1000.0,,,0.3646244894556972,0.5025399009590187,0.3373886657184327,0.33655980566835253,
mutant_local,960,compact_mlp,4,868,216,,14.0,127169.0,0.3960573476702509,0.49366384591769535,0.278346505220046,0.3597887159959796,0.9380543832560532
wt_local_plus_delta_local,1920,ridge,0,867,217,1000.0,,,0.46427397041484053,0.5143374792839778,0.3214426525218962,0.44458218686712425,
wt_local_plus_delta_local,1920,compact_mlp,0,867,217,,3.0,250049.0,0.4503363444618254,0.5341102753378877,0.3113888666009227,0.4010572308675521,0.4304322441115634
wt_local_plus_delta_local,1920,ridge,1,867,217,1000.0,,,0.4216542886267657,0.49867129838256713,0.32069818164610225,0.3034060904561977,
wt_local_plus_delta_local,1920,compact_mlp,1,867,217,,60.0,250049.0,0.5137732117607821,0.4659243612720282,0.24973490997710002,0.39189053255675177,0.5262321907145376
wt_local_plus_delta_local,1920,ridge,2,867,217,1000.0,,,0.45298693611804003,0.4972575207462517,0.3191420900779272,0.4262622096390659,
wt_local_plus_delta_local,1920,compact_mlp,2,867,217,,30.0,250049.0,0.5558303621340023,0.4568718352058036,0.24154870454301514,0.5156720775593007,0.5765067395818142
wt_local_plus_delta_local,1920,ridge,3,867,217,1000.0,,,0.4002369913142331,0.4389703576541396,0.285393500783947,0.32004102332168605,
wt_local_plus_delta_local,1920,compact_mlp,3,867,217,,16.0,250049.0,0.4133501975319081,0.4200123278713216,0.23349125055736458,0.3775042400169083,0.44459624840159906
wt_local_plus_delta_local,1920,ridge,4,868,216,1000.0,,,0.45443503733076124,0.45033574955186784,0.29676898375171074,0.4672376464038204,
wt_local_plus_delta_local,1920,compact_mlp,4,868,216,,75.0,250049.0,0.5347598804463021,0.4065300357227229,0.2206003536717876,0.565843851110553,0.6974982596535719
delta_global,960,ridge,0,867,217,1000.0,,,0.30901647430206175,0.5761556414088574,0.3736391835503121,0.3030476333086283,
delta_global,960,compact_mlp,0,867,217,,4.0,127169.0,0.3648303950168407,0.5693592476209343,0.36402711113823283,0.31939330352760054,0.5290863017999489
delta_global,960,ridge,1,867,217,1000.0,,,0.3004093913386604,0.5133887030640861,0.3185453861587636,0.2616818518221661,
delta_global,960,compact_mlp,1,867,217,,40.0,127169.0,0.4281838808325935,0.49904187538842915,0.25979527796778223,0.302370387770284,0.5609779503509289
delta_global,960,ridge,2,867,217,100.0,,,0.36354209238198587,0.5311980371210615,0.34558342659637187,0.3452678621866727,
delta_global,960,compact_mlp,2,867,217,,3.0,127169.0,0.26245672383583013,0.5576897257335374,0.3517842301767755,0.27833436843216897,0.6167514997584219
delta_global,960,ridge,3,867,217,1000.0,,,0.2750590716704952,0.4898092549433023,0.30612276445343023,0.15342332986065266,
delta_global,960,compact_mlp,3,867,217,,7.0,127169.0,0.262205404999131,0.4755386808734929,0.2717807156842656,0.2020346749941414,0.5298313470628425
delta_global,960,ridge,4,868,216,100.0,,,0.3050667428761952,0.504226396528288,0.33567346287487515,0.33209939800645505,
delta_global,960,compact_mlp,4,868,216,,31.0,127169.0,0.4310053703902165,0.49583927250049126,0.2582105339610552,0.354133850515414,0.9031915318874912
mutant_local_plus_delta_global,1920,ridge,0,867,217,1000.0,,,0.4776114845662049,0.5195433641141142,0.3314373931923847,0.433281925088026,
mutant_local_plus_delta_global,1920,compact_mlp,0,867,217,,17.0,250049.0,0.4720672031266882,0.4964776945784279,0.27932038432816425,0.48248499891903807,0.4183517266775816
mutant_local_plus_delta_global,1920,ridge,1,867,217,1000.0,,,0.4784124165597975,0.47604316392582724,0.3068681597887681,0.3651902421924167,
mutant_local_plus_delta_global,1920,compact_mlp,1,867,217,,11.0,250049.0,0.5026353246240788,0.5032374696678695,0.2820082399524091,0.29059071590450447,0.5949190700327167
mutant_local_plus_delta_global,1920,ridge,2,867,217,1000.0,,,0.4355766475476449,0.4956334036534029,0.3173142847158937,0.4300039152391877,
mutant_local_plus_delta_global,1920,compact_mlp,2,867,217,,22.0,250049.0,0.552376651886046,0.48531630691617716,0.25578886126832845,0.45348699114580504,0.5785243516887417
mutant_local_plus_delta_global,1920,ridge,3,867,217,1000.0,,,0.346959746708193,0.4457443943483232,0.29524670071051995,0.29889332355652576,
mutant_local_plus_delta_global,1920,compact_mlp,3,867,217,,26.0,250049.0,0.3767562958891755,0.41095416338010626,0.23619088782602338,0.40406472718416975,0.47433418234568514
mutant_local_plus_delta_global,1920,ridge,4,868,216,1000.0,,,0.3953012062539444,0.4594546205305808,0.31393234755360416,0.4454433382822045,
mutant_local_plus_delta_global,1920,compact_mlp,4,868,216,,6.0,250049.0,0.4993867514497671,0.43860397894340175,0.25765979523867993,0.49463423944894047,0.8730481162326027
wt_delta_plus_delta_global,2880,ridge,0,867,217,1000.0,,,0.5005132071571847,0.4908236630684705,0.30567726622488095,0.49420510165556075,
wt_delta_plus_delta_global,2880,compact_mlp,0,867,217,,25.0,372929.0,0.5507264758522528,0.5091360282207543,0.2732171712331655,0.45575916965937135,0.4092494007057816
wt_delta_plus_delta_global,2880,ridge,1,867,217,1000.0,,,0.48788854596785936,0.47592499430115087,0.2985253308106857,0.3655053645421399,
wt_delta_plus_delta_global,2880,compact_mlp,1,867,217,,17.0,372929.0,0.5249980035419515,0.4953197906665645,0.259077728648277,0.31273806708435425,0.5515024494806319
wt_delta_plus_delta_global,2880,ridge,2,867,217,1000.0,,,0.48217750156193484,0.4806937544071425,0.3066113146196221,0.463848290915968,
wt_delta_plus_delta_global,2880,compact_mlp,2,867,217,,9.0,372929.0,0.5512890072671073,0.4834193022339962,0.27502538478236616,0.4577510619028303,0.5050934665758191
wt_delta_plus_delta_global,2880,ridge,3,867,217,1000.0,,,0.41902248716394913,0.4163666691942589,0.2777711756803355,0.3882637240737463,
wt_delta_plus_delta_global,2880,compact_mlp,3,867,217,,16.0,372929.0,0.4805474522846527,0.4053245480044312,0.22815455653063005,0.42028019627540025,0.4821310368658022
wt_delta_plus_delta_global,2880,ridge,4,868,216,1000.0,,,0.47509615499112867,0.4193306320844892,0.2765505409890942,0.5380724579867813,
wt_delta_plus_delta_global,2880,compact_mlp,4,868,216,,55.0,372929.0,0.5445408971290441,0.4262635347840576,0.21866694300300907,0.5226718536469381,0.7553805285737715
