feature,model,input_dim,spearman_mean,spearman_std,spearman_global_oof,rmse_mean,rmse_std,rmse_global_oof,mae_mean,mae_std,mae_global_oof,r2_mean,r2_std,r2_global_oof
wt_delta_plus_delta_global,compact_mlp,2880,0.5304203672150016,0.02984936021976936,0.524527753517575,0.4638926407819608,0.04544802381310788,0.46570508372214287,0.25082835683948956,0.025996466427525473,0.2508580260404457,0.4338400697137789,0.07712462890536209,0.4392276152681873
wt_local_plus_delta_local,compact_mlp,1920,0.4936099992669639,0.0597609537850493,0.49239933041683326,0.4566897670819528,0.04985097585389888,0.45890676268621755,0.251352817070038,0.03524136437634805,0.25138118650121716,0.4503935864222132,0.08479325611765373,0.45548032517823445
mutant_local_plus_delta_global,compact_mlp,1920,0.4806444453951511,0.06489741702538401,0.4850920308735742,0.46691792269719645,0.04020264890367566,0.4683270159235389,0.262193633722721,0.01886573482599331,0.26219781623054766,0.42505233452049157,0.08286900607784863,0.43289551300317164
wt_delta_plus_delta_global,ridge,2880,0.47293957936841136,0.031546867548457966,0.4733277131206279,0.45662794261110234,0.035822291623351404,0.4577846147247875,0.2930271256649237,0.014824037557971055,0.2930423254662851,0.4499789878348393,0.07220341579237936,0.4581400575072909
simple_onehot,compact_mlp,278,0.4877322181135061,0.05554566791099012,0.4723033283155891,0.5083739400660017,0.06566892980846478,0.5117995717008804,0.287047454185462,0.05174945158434549,0.2870783128171652,0.32342259207280144,0.09798127005449658,0.3227258541163881
simple_onehot,ridge,278,0.46498751599214794,0.03579839940227865,0.45836758744165557,0.5062461109416381,0.03864817833544167,0.5074375128048554,0.2944251738484865,0.018946321643377513,0.2944269524690379,0.32696743197470274,0.05101548716862832,0.33422144774509654
delta_local,compact_mlp,960,0.4496281934179482,0.07810187345204148,0.44479424147548347,0.4789440575533156,0.0367263259741147,0.480086048818897,0.2568099816788616,0.014603555113452484,0.2568145690554096,0.3977623615003149,0.04167004285536423,0.4040595941813615
wt_local_plus_delta_local,ridge,1920,0.4387174447609281,0.026812747425446322,0.4399598724914831,0.4799144811237609,0.03312425330276717,0.4808553579678715,0.30868908175631665,0.01658998387346108,0.3087000781566899,0.3923058313375789,0.07520970065469797,0.4021481462780241
mutant_local,compact_mlp,960,0.43455977487174147,0.058548987243537,0.43261881649055295,0.5062160087862273,0.03725160238702848,0.5073237578411521,0.28406243000512355,0.02064124872049368,0.28406770299846773,0.3254837161834807,0.06768798905621574,0.3345199165185222
mutant_local_plus_delta_global,ridge,1920,0.42677230032715696,0.056323428220271685,0.42938950443412544,0.47928378931444965,0.02922640866726812,0.4800146866729456,0.3129597771922341,0.013343451605260438,0.31295887998710376,0.3945625488716721,0.06196666109223457,0.4042367475295051
wt_local,ridge,960,0.4252751210827821,0.04305637674564114,0.4219088017865015,0.5262394879362822,0.031734853766864184,0.5270194313385664,0.3097473877503195,0.020455592488160316,0.30977068707866023,0.2702522657212903,0.07222679337896605,0.28184544872530903
wt_local,compact_mlp,960,0.4112208806249633,0.04906742138920827,0.40303779861003525,0.5451732300094918,0.046226604556635145,0.5467820828609775,0.3111273799559745,0.031604089333641394,0.31115974355105774,0.21467593654220937,0.11834513054485686,0.22697558446607968
mutant_local,ridge,960,0.3904483973767579,0.04630922552626316,0.3911355362324957,0.5188454995867657,0.0379232442934499,0.519968860159206,0.3379374899001499,0.016683316235625047,0.33793799619552045,0.2929100653320726,0.05035660066296331,0.30093214608726737
delta_global,compact_mlp,960,0.3497363550149224,0.0840623257470147,0.33452254044605373,0.5194937604233769,0.04139855673220394,0.5208341966674341,0.30111957378562226,0.05228268685999672,0.30115915777070035,0.2912533170479218,0.0570006028760573,0.2986034208654498
delta_global,ridge,960,0.31061875451387966,0.03241525091129755,0.3111571648031989,0.5229556066131191,0.03331355184411981,0.5238215032133327,0.3359128447267506,0.02600928487194446,0.33591306555871725,0.27910401503691495,0.07723119275775552,0.29053445961665936
delta_local,ridge,960,0.2790728951350988,0.03545755387421752,0.2800495559750905,0.5345096464509647,0.04490635739555203,0.5360390335934966,0.35139511723590333,0.02756395920707664,0.35139786256631045,0.2505889215750373,0.05332950352314064,0.2570535837697042
