policy,budget_used,n_simulations,best_acquired_multi_mean,best_acquired_multi_std,best_overall_including_initial_mean,best_overall_including_initial_std,improvement_over_initial_best_single_mean,improvement_over_initial_best_single_std,mean_acquired_fitness_mean,mean_acquired_fitness_std,top5_acquired_mean_mean,top5_acquired_mean_std,regret_to_global_multi_best_mean,regret_to_global_multi_best_std,top_percent_hits_mean,top_percent_hits_std,top_percent_hit_rate_mean,top_percent_hit_rate_std,top10_recovered_mean,top10_recovered_std,top10_recovery_fraction_mean,top10_recovery_fraction_std,top50_recovered_mean,top50_recovered_std,top50_recovery_fraction_mean,top50_recovery_fraction_std,top100_recovered_mean,top100_recovered_std,top100_recovery_fraction_mean,top100_recovery_fraction_std
random,0,10,,,4.11357579525,0.0,0.0,0.0,,,,,,,0.0,0.0,0.0,0.0,0.0,0.0,0.0,0.0,0.0,0.0,0.0,0.0,0.0,0.0,0.0,0.0
random,20,10,3.7822510421215,0.07273181464215428,4.11357579525,0.0,0.0,0.0,2.630317051294992,0.22122372635494067,3.6780894322619675,0.07774775272536455,0.34085802125850007,0.0727318146421543,0.2,0.42163702135578396,0.01,0.021081851067789197,0.0,0.0,0.0,0.0,0.0,0.0,0.0,0.0,0.0,0.0,0.0,0.0
random,40,10,3.811639701859,0.06036083776214841,4.11357579525,0.0,0.0,0.0,2.641770756397321,0.1794280549323046,3.748439614983666,0.037842297552989484,0.3114693615210001,0.06036083776214841,0.2,0.42163702135578396,0.005,0.010540925533894598,0.0,0.0,0.0,0.0,0.0,0.0,0.0,0.0,0.0,0.0,0.0,0.0
random,60,10,3.8297687241930007,0.06298762310303721,4.11357579525,0.0,0.0,0.0,2.642241686744323,0.12451269509123841,3.7703203785872668,0.03568194470163423,0.2933403391870001,0.06298762310303721,0.4,0.6992058987801011,0.006666666666666666,0.011653431646335016,0.0,0.0,0.0,0.0,0.0,0.0,0.0,0.0,0.0,0.0,0.0,0.0
random,80,10,3.8760273380170007,0.05594679450611162,4.11357579525,0.0,0.0,0.0,2.6664404353808355,0.08665887111019575,3.7953218957,0.034088624493555784,0.2470817253629999,0.05594679450611162,0.6,0.8432740427115678,0.0075,0.0105409255338946,0.0,0.0,0.0,0.0,0.0,0.0,0.0,0.0,0.1,0.31622776601683794,0.001,0.00316227766016838
random,100,10,3.8908421373070006,0.06656701079788299,4.11357579525,0.0,0.0,0.0,2.656328764804518,0.09783442194283767,3.8099261373406,0.034751355484417136,0.2322669260730001,0.06656701079788299,0.7,0.8232726023485646,0.006999999999999999,0.008232726023485647,0.0,0.0,0.0,0.0,0.0,0.0,0.0,0.0,0.2,0.42163702135578396,0.002,0.004216370213557839
greedy,0,10,,,4.11357579525,0.0,0.0,0.0,,,,,,,0.0,0.0,0.0,0.0,0.0,0.0,0.0,0.0,0.0,0.0,0.0,0.0,0.0,0.0,0.0,0.0
greedy,20,10,3.8648757281119996,0.08259051776215755,4.11357579525,0.0,0.0,0.0,2.43797979804055,0.2444350141722033,3.6468829902056,0.08503274659671996,0.25823333526800024,0.08259051776215756,0.8,0.42163702135578396,0.04,0.0210818510677892,0.0,0.0,0.0,0.0,0.0,0.0,0.0,0.0,0.0,0.0,0.0,0.0
greedy,40,10,4.032605722817,0.0859447285606458,4.11357579525,0.0,0.0,0.0,3.035097358623325,0.12255047480689381,3.8637751103592004,0.041017256477482215,0.09050334056299998,0.0859447285606458,2.0,0.816496580927726,0.05,0.02041241452319315,0.7,0.4830458915396479,0.07,0.0483045891539648,0.8,0.6324555320336759,0.016,0.012649110640673518,0.8,0.6324555320336759,0.008,0.006324555320336759
greedy,60,10,4.08598147357,0.0,4.11357579525,0.0,0.0,0.0,3.246481098585342,0.07850571199457987,3.9379050182482005,0.025166487303695022,0.03712758980999986,0.0,4.4,1.2649110640673518,0.07333333333333333,0.021081851067789193,1.0,0.0,0.1,0.0,1.2,0.4216370213557839,0.024,0.008432740427115677,1.5,0.7071067811865476,0.015,0.007071067811865475
greedy,80,10,4.08598147357,0.0,4.11357579525,0.0,0.0,0.0,3.3576420506659743,0.057607947617011324,3.9581471380805,0.024030438038909304,0.03712758980999986,0.0,6.5,1.5811388300841898,0.08125,0.01976423537605237,1.0,0.0,0.1,0.0,1.3,0.4830458915396479,0.026000000000000002,0.00966091783079296,1.8,1.0327955589886446,0.018000000000000002,0.010327955589886445
greedy,100,10,4.086947295761,0.003054197938294068,4.11357579525,0.0,0.0,0.0,3.42270838947817,0.04548321023496119,3.9736674140883004,0.02157112520174602,0.0361617676189999,0.003054197938294068,8.9,2.4244128727957572,0.089,0.024244128727957576,1.1,0.31622776601683794,0.11000000000000001,0.03162277660168379,1.5,0.5270462766947299,0.030000000000000006,0.010540925533894598,2.2,1.0327955589886446,0.022,0.010327955589886445
ucb,0,10,,,4.11357579525,0.0,0.0,0.0,,,,,,,0.0,0.0,0.0,0.0,0.0,0.0,0.0,0.0,0.0,0.0,0.0,0.0,0.0,0.0,0.0,0.0
ucb,20,10,3.7889729408600004,0.14901249701832694,4.11357579525,0.0,0.0,0.0,2.2142356545080504,0.20266656497599936,3.5712319624100006,0.11335039796515432,0.33413612252000024,0.14901249701832694,0.7,0.6749485577105528,0.034999999999999996,0.03374742788552764,0.0,0.0,0.0,0.0,0.0,0.0,0.0,0.0,0.0,0.0,0.0,0.0
ucb,40,10,3.946126855074,0.07897977737511609,4.11357579525,0.0,0.0,0.0,2.8134400303430374,0.13524640206122185,3.7931128022454006,0.052252747458794324,0.17698220830600014,0.07897977737511609,1.3,0.4830458915396479,0.03250000000000001,0.012076147288491199,0.2,0.42163702135578396,0.02,0.04216370213557839,0.2,0.42163702135578396,0.004,0.008432740427115677,0.3,0.4830458915396479,0.003,0.00483045891539648
ucb,60,10,3.99926548368,0.09251095036948179,4.11357579525,0.0,0.0,0.0,3.0759550172666423,0.09857232337397041,3.8850040205726004,0.06071724069260893,0.12384357970000001,0.09251095036948179,3.1,1.3703203194062978,0.05166666666666667,0.02283867199010496,0.5,0.5270462766947299,0.05,0.052704627669472995,0.5,0.5270462766947299,0.01,0.010540925533894598,0.7,0.8232726023485647,0.007000000000000001,0.008232726023485645
ucb,80,10,4.0757856361070015,0.032242069035952926,4.11357579525,0.0,0.0,0.0,3.2232485882310185,0.07903548455589318,3.9531012161664,0.02425884934811127,0.047323427272999916,0.03224206903595292,6.1,1.286683937707919,0.07625,0.016083549221348983,0.9,0.31622776601683794,0.09,0.03162277660168379,1.2,0.6324555320336759,0.024,0.012649110640673518,1.8,0.6324555320336759,0.018000000000000002,0.006324555320336759
ucb,100,10,4.075888386067001,0.03227978686282962,4.11357579525,0.0,0.0,0.0,3.3125466272618467,0.05989652900951413,3.9654373241717,0.032118017159960224,0.04722067731299999,0.03227978686282962,8.1,2.6853512081497106,0.081,0.026853512081497107,1.0,0.4714045207910317,0.1,0.047140452079103175,1.4,0.966091783079296,0.028000000000000004,0.01932183566158592,2.1,0.9944289260117533,0.020999999999999998,0.009944289260117532
conservative,0,10,,,4.11357579525,0.0,0.0,0.0,,,,,,,0.0,0.0,0.0,0.0,0.0,0.0,0.0,0.0,0.0,0.0,0.0,0.0,0.0,0.0,0.0,0.0
conservative,20,10,3.8616454472680006,0.07722262808993041,4.11357579525,0.0,0.0,0.0,2.74948982393245,0.1880687020616875,3.7347552536136006,0.06717359274200309,0.26146361611200025,0.07722262808993041,1.0,0.9428090415820634,0.05,0.04714045207910317,0.0,0.0,0.0,0.0,0.0,0.0,0.0,0.0,0.0,0.0,0.0,0.0
conservative,40,10,4.016282560301001,0.10583767479017274,4.11357579525,0.0,0.0,0.0,3.1831650292080877,0.11834282407822447,3.8711136560842005,0.06008239204562828,0.10682650307899984,0.10583767479017274,2.6,1.505545305418162,0.065,0.03763863263545405,0.6,0.5163977794943223,0.06,0.051639777949432225,0.7,0.4830458915396479,0.014000000000000002,0.00966091783079296,0.7,0.4830458915396479,0.007000000000000001,0.00483045891539648
conservative,60,10,4.055142170275,0.06536894722722014,4.11357579525,0.0,0.0,0.0,3.338690682490436,0.07100733942161792,3.9315251321604,0.03312072991093036,0.06796689310499975,0.06536894722722013,4.9,1.4491376746189437,0.08166666666666668,0.024152294576982397,0.8,0.42163702135578396,0.08,0.0421637021355784,0.9,0.5676462121975466,0.018,0.011352924243950936,1.1,0.7378647873726218,0.011,0.0073786478737262184
conservative,80,10,4.086947295761,0.003054197938294068,4.11357579525,0.0,0.0,0.0,3.4327532972130363,0.05336657291631964,3.9633646753965004,0.017804158765940502,0.0361617676189999,0.003054197938294068,7.1,1.7919573407620815,0.08875,0.022399466759526022,1.1,0.31622776601683794,0.11000000000000001,0.03162277660168379,1.2,0.42163702135578396,0.024,0.008432740427115677,1.6,0.6992058987801011,0.016,0.00699205898780101
conservative,100,10,4.0879131179520005,0.004072263917725424,4.11357579525,0.0,0.0,0.0,3.4869792931394654,0.04924758854441049,3.9800090357355002,0.01824272684441066,0.03519594542799993,0.004072263917725424,9.3,1.8287822299126937,0.093,0.018287822299126937,1.2,0.42163702135578396,0.12000000000000002,0.04216370213557839,1.5,0.5270462766947299,0.030000000000000006,0.010540925533894598,2.1,0.7378647873726218,0.020999999999999998,0.007378647873726218
