simulation_seed,policy,round,budget_used,n_labeled_total,initial_best_single,best_overall_including_initial,improvement_over_initial_best_single,mean_selected_mu_this_round,mean_selected_sigma_this_round,mean_selected_mutation_count_this_round,mean_final_train_loss_scaled,n_acquired,best_acquired_multi,mean_acquired_fitness,top5_acquired_mean,regret_to_global_multi_best,top_percent_hits,top_percent_hit_rate,top10_recovered,top10_recovery_fraction,top50_recovered,top50_recovery_fraction,top100_recovered,top100_recovery_fraction
0,random,0,0,1084,4.11357579525,4.11357579525,0.0,,,,,0,,,,,0,0.0,0,0.0,0,0.0,0,0.0
0,random,1,20,1104,4.11357579525,4.11357579525,0.0,,,4.2,,20,3.9140333299,2.4837438045135,3.673300743654,0.2090757334800002,1,0.05,0,0.0,0,0.0,0,0.0
0,random,2,40,1124,4.11357579525,4.11357579525,0.0,,,4.65,,40,3.9140333299,2.5498863514965002,3.8064787349919995,0.2090757334800002,1,0.025,0,0.0,0,0.0,0,0.0
0,random,3,60,1144,4.11357579525,4.11357579525,0.0,,,3.6,,60,3.94401701417,2.648336291019833,3.8480311464160004,0.17909204921000033,2,0.03333333333333333,0,0.0,0,0.0,0,0.0
0,random,4,80,1164,4.11357579525,4.11357579525,0.0,,,3.6,,80,3.94401701417,2.64795031083525,3.8535848899740004,0.17909204921000033,2,0.025,0,0.0,0,0.0,0,0.0
0,random,5,100,1184,4.11357579525,4.11357579525,0.0,,,3.95,,100,3.94401701417,2.6347914890295,3.8627502559180003,0.17909204921000033,2,0.02,0,0.0,0,0.0,0,0.0
0,greedy,0,0,1084,4.11357579525,4.11357579525,0.0,,,,,0,,,,,0,0.0,0,0.0,0,0.0,0,0.0
0,greedy,1,20,1104,4.11357579525,4.11357579525,0.0,4.0616774559021,0.138152839243412,7.45,0.06678350142227327,20,3.65417697752,2.3112883299999996,3.597373679488,0.4689320858600001,0,0.0,0,0.0,0,0.0,0,0.0
0,greedy,2,40,1124,4.11357579525,4.11357579525,0.0,3.786904311180115,0.07760649221017957,2.75,0.08665344685694013,40,4.08598147357,2.9911733389024997,3.852832850112,0.03712758980999986,1,0.025,1,0.1,1,0.02,1,0.01
0,greedy,3,60,1144,4.11357579525,4.11357579525,0.0,3.7303001642227174,0.044950252305716275,2.45,0.08074402639715274,60,4.08598147357,3.212988074721834,3.9099112732120007,0.03712758980999986,3,0.05,1,0.1,1,0.02,1,0.01
0,greedy,4,80,1164,4.11357579525,4.11357579525,0.0,3.7196210622787476,0.049350346904248,2.25,0.07488525764091865,80,4.08598147357,3.3443244220639996,3.9712442454700003,0.03712758980999986,8,0.1,1,0.1,2,0.04,2,0.02
0,greedy,5,100,1184,4.11357579525,4.11357579525,0.0,3.711135756969452,0.050213678274303675,2.1,0.09416988279632073,100,4.08598147357,3.416473836848,3.9779956763480007,0.03712758980999986,11,0.11,1,0.1,2,0.04,2,0.02
0,ucb,0,0,1084,4.11357579525,4.11357579525,0.0,,,,,0,,,,,0,0.0,0,0.0,0,0.0,0,0.0
0,ucb,1,20,1104,4.11357579525,4.11357579525,0.0,3.9642602443695067,0.257334616035223,7.65,0.06678350142227327,20,3.62064013693,2.0878319184889995,3.492647482444,0.5024689264500002,0,0.0,0,0.0,0,0.0,0,0.0
0,ucb,2,40,1124,4.11357579525,4.11357579525,0.0,3.7255320072174074,0.17398757990449668,3.9,0.07749935985151409,40,3.90870556551,2.5600836386332504,3.73895156062,0.21440349787000024,1,0.025,0,0.0,0,0.0,0,0.0
0,ucb,3,60,1144,4.11357579525,4.11357579525,0.0,3.6984341979026794,0.08810993507504464,2.25,0.08881086080709598,60,4.08598147357,2.9292438382870007,3.958753266282001,0.03712758980999986,5,0.08333333333333333,1,0.1,1,0.02,2,0.02
0,ucb,4,80,1164,4.11357579525,4.11357579525,0.0,3.6782232403755186,0.08526110984385013,2.45,0.08405646293625965,80,4.08598147357,3.1316163248392503,3.990623807814001,0.03712758980999986,7,0.0875,1,0.1,2,0.04,3,0.03
0,ucb,5,100,1184,4.11357579525,4.11357579525,0.0,3.712591123580933,0.06955860871821642,2.45,0.09317611850209254,100,4.08598147357,3.24637818900705,4.008175960769,0.03712758980999986,10,0.1,1,0.1,2,0.04,4,0.04
0,conservative,0,0,1084,4.11357579525,4.11357579525,0.0,,,,,0,,,,,0,0.0,0,0.0,0,0.0,0,0.0
0,conservative,1,20,1104,4.11357579525,4.11357579525,0.0,4.03542845249176,0.08227375708520412,6.45,0.06678350142227327,20,3.69094324962,2.5611780216314997,3.645469265756,0.4321658137600002,0,0.0,0,0.0,0,0.0,0,0.0
0,conservative,2,40,1124,4.11357579525,4.11357579525,0.0,3.770357835292816,0.04805948776192963,2.35,0.09010876936541087,40,4.08598147357,3.1365976276332503,3.864793351422,0.03712758980999986,2,0.05,1,0.1,1,0.02,1,0.01
0,conservative,3,60,1144,4.11357579525,4.11357579525,0.0,3.74096097946167,0.036852920637466015,2.5,0.08127328724570546,60,4.08598147357,3.2694625101387786,3.94353572745,0.03712758980999986,5,0.08333333333333333,1,0.1,1,0.02,1,0.01
0,conservative,4,80,1164,4.11357579525,4.11357579525,0.0,3.721159279346466,0.03317452061455697,2.1,0.07994374295735693,80,4.08598147357,3.3757877681079593,3.94353572745,0.03712758980999986,6,0.075,1,0.1,1,0.02,1,0.01
0,conservative,5,100,1184,4.11357579525,4.11357579525,0.0,3.706174945831299,0.02424738828558475,2.5,0.09730576938370249,100,4.08598147357,3.4411383687823673,3.9851882029800003,0.03712758980999986,8,0.08,1,0.1,2,0.04,2,0.02
1,random,0,0,1084,4.11357579525,4.11357579525,0.0,,,,,0,,,,,0,0.0,0,0.0,0,0.0,0,0.0
1,random,1,20,1104,4.11357579525,4.11357579525,0.0,,,3.65,,20,3.76168329262,2.7740084087965,3.6244629934920005,0.3614257707600004,0,0.0,0,0.0,0,0.0,0,0.0
1,random,2,40,1124,4.11357579525,4.11357579525,0.0,,,3.75,,40,3.76168329262,2.7429918682247503,3.685587278044,0.3614257707600004,0,0.0,0,0.0,0,0.0,0,0.0
1,random,3,60,1144,4.11357579525,4.11357579525,0.0,,,3.55,,60,3.78055739073,2.74222765928,3.7391971954599996,0.3425516726500004,0,0.0,0,0.0,0,0.0,0,0.0
1,random,4,80,1164,4.11357579525,4.11357579525,0.0,,,3.45,,80,3.83243277332,2.755908608782375,3.7809790776580003,0.2906762900600004,0,0.0,0,0.0,0,0.0,0,0.0
1,random,5,100,1184,4.11357579525,4.11357579525,0.0,,,4.0,,100,3.83243277332,2.7492053777607994,3.7815432835159997,0.2906762900600004,0,0.0,0,0.0,0,0.0,0,0.0
1,greedy,0,0,1084,4.11357579525,4.11357579525,0.0,,,,,0,,,,,0,0.0,0,0.0,0,0.0,0,0.0
1,greedy,1,20,1104,4.11357579525,4.11357579525,0.0,4.032798171043396,0.12605007775127888,7.1,0.07117642288223404,20,3.90870556551,2.3580996296350003,3.631093604768,0.21440349787000024,1,0.05,0,0.0,0,0.0,0,0.0
1,greedy,2,40,1124,4.11357579525,4.11357579525,0.0,3.73420729637146,0.05894261784851551,2.55,0.08448422457752884,40,4.08598147357,3.023696050438,3.9426953977080004,0.03712758980999986,3,0.075,1,0.1,2,0.04,2,0.02
1,greedy,3,60,1144,4.11357579525,4.11357579525,0.0,3.791008996963501,0.08933909013867378,3.35,0.07916325429898563,60,4.08598147357,3.1972177787096667,3.987175901426,0.03712758980999986,7,0.11666666666666667,1,0.1,2,0.04,3,0.03
1,greedy,4,80,1164,4.11357579525,4.11357579525,0.0,3.7172542214393616,0.04588481327518821,2.4,0.09311276187117282,80,4.08598147357,3.323135724347,3.987175901426,0.03712758980999986,8,0.1,1,0.1,2,0.04,3,0.03
1,greedy,5,100,1184,4.11357579525,4.11357579525,0.0,3.7279296636581423,0.04382982542738319,2.75,0.08653913987768476,100,4.08598147357,3.3904128479525495,3.987175901426,0.03712758980999986,8,0.08,1,0.1,2,0.04,3,0.03
1,ucb,0,0,1084,4.11357579525,4.11357579525,0.0,,,,,0,,,,,0,0.0,0,0.0,0,0.0,0,0.0
1,ucb,1,20,1104,4.11357579525,4.11357579525,0.0,4.012228965759277,0.16823523193597795,7.05,0.07117642288223404,20,3.90870556551,2.4841811657355,3.6495016617700005,0.21440349787000024,1,0.05,0,0.0,0,0.0,0,0.0
1,ucb,2,40,1124,4.11357579525,4.11357579525,0.0,3.7541453361511232,0.1125617615878582,4.1,0.08485236300722412,40,3.90870556551,2.934706348035,3.75017323855,0.21440349787000024,1,0.025,0,0.0,0,0.0,0,0.0
1,ucb,3,60,1144,4.11357579525,4.11357579525,0.0,3.714328908920288,0.07997897677123547,2.7,0.08262557535303021,60,3.90870556551,3.1760576377023337,3.8490737851060004,0.21440349787000024,3,0.05,0,0.0,0,0.0,0,0.0
1,ucb,4,80,1164,4.11357579525,4.11357579525,0.0,3.7019411087036134,0.06087144874036312,2.6,0.08475159530664658,80,4.08598147357,3.3167005587372502,3.9674722377980003,0.03712758980999986,7,0.0875,1,0.1,1,0.02,2,0.02
1,ucb,5,100,1184,4.11357579525,4.11357579525,0.0,3.7279017686843874,0.08079026294872164,2.5,0.07840665002766344,100,4.08598147357,3.3649274247113676,3.9674722377980003,0.03712758980999986,8,0.08,1,0.1,1,0.02,2,0.02
1,conservative,0,0,1084,4.11357579525,4.11357579525,0.0,,,,,0,,,,,0,0.0,0,0.0,0,0.0,0,0.0
1,conservative,1,20,1104,4.11357579525,4.11357579525,0.0,4.007861602306366,0.08743950361385941,6.65,0.07117642288223404,20,3.87501518006,2.6641171034315,3.7114558006780003,0.24809388332000015,1,0.05,0,0.0,0,0.0,0,0.0
1,conservative,2,40,1124,4.11357579525,4.11357579525,0.0,3.7595764636993407,0.047280623903498055,2.75,0.08173834206401438,40,3.917373360280002,3.15721092896025,3.850015924150001,0.20573570309999845,2,0.05,0,0.0,0,0.0,0,0.0
1,conservative,3,60,1144,4.11357579525,4.11357579525,0.0,3.7843719601631163,0.04649578183889389,2.75,0.0817941284211505,60,3.917373360280002,3.2939497005029166,3.8809689879060003,0.20573570309999845,4,0.06666666666666667,0,0.0,0,0.0,0,0.0
1,conservative,4,80,1164,4.11357579525,4.11357579525,0.0,3.726757252216339,0.02552881697192788,2.35,0.08619443318852178,80,4.09563969548,3.4123429220211876,3.98835320609,0.027469367900000208,8,0.1,2,0.2,2,0.04,2,0.02
1,conservative,5,100,1184,4.11357579525,4.11357579525,0.0,3.754005479812622,0.03461220366880298,2.35,0.0822952181523301,100,4.09563969548,3.4676636400990497,3.9945746502000006,0.027469367900000208,12,0.12,2,0.2,2,0.04,2,0.02
2,random,0,0,1084,4.11357579525,4.11357579525,0.0,,,,,0,,,,,0,0.0,0,0.0,0,0.0,0,0.0
2,random,1,20,1104,4.11357579525,4.11357579525,0.0,,,3.3,,20,3.9085186389,2.826178123807,3.7854349725439995,0.21459042448000032,1,0.05,0,0.0,0,0.0,0,0.0
2,random,2,40,1124,4.11357579525,4.11357579525,0.0,,,4.1,,40,3.9085186389,2.68171550818725,3.786580108066,0.21459042448000032,1,0.025,0,0.0,0,0.0,0,0.0
2,random,3,60,1144,4.11357579525,4.11357579525,0.0,,,4.05,,60,3.9085186389,2.645143571642333,3.7936876832699995,0.21459042448000032,1,0.016666666666666666,0,0.0,0,0.0,0,0.0
2,random,4,80,1164,4.11357579525,4.11357579525,0.0,,,4.05,,80,3.9085186389,2.704933440456375,3.7936876832699995,0.21459042448000032,1,0.0125,0,0.0,0,0.0,0,0.0
2,random,5,100,1184,4.11357579525,4.11357579525,0.0,,,4.35,,100,3.9085186389,2.7267356366339004,3.7979709389660004,0.21459042448000032,1,0.01,0,0.0,0,0.0,0,0.0
2,greedy,0,0,1084,4.11357579525,4.11357579525,0.0,,,,,0,,,,,0,0.0,0,0.0,0,0.0,0,0.0
2,greedy,1,20,1104,4.11357579525,4.11357579525,0.0,4.013843107223511,0.15973178818821906,7.3,0.06718142643378448,20,3.90870556551,2.8040633647765,3.6726626028540004,0.21440349787000024,1,0.05,0,0.0,0,0.0,0,0.0
2,greedy,2,40,1124,4.11357579525,4.11357579525,0.0,3.77775319814682,0.07239166181534529,3.5,0.07800641995517239,40,3.90870556551,3.1779343956929997,3.831001083924,0.21440349787000024,1,0.025,0,0.0,0,0.0,0,0.0
2,greedy,3,60,1144,4.11357579525,4.11357579525,0.0,3.741578161716461,0.05438425624743104,2.2,0.07657431230691404,60,4.08598147357,3.343816866211,3.9164909996300006,0.03712758980999986,3,0.05,1,0.1,1,0.02,1,0.01
2,greedy,4,80,1164,4.11357579525,4.11357579525,0.0,3.7441025018692016,0.03989150635898113,2.2,0.0791426509827167,80,4.08598147357,3.4377529565044993,3.931423416508,0.03712758980999986,4,0.05,1,0.1,1,0.02,1,0.01
2,greedy,5,100,1184,4.11357579525,4.11357579525,0.0,3.722321355342865,0.04099048292264342,2.25,0.08602005960707812,100,4.08598147357,3.49692700609015,3.9440943100940005,0.03712758980999986,8,0.08,1,0.1,1,0.02,1,0.01
2,ucb,0,0,1084,4.11357579525,4.11357579525,0.0,,,,,0,,,,,0,0.0,0,0.0,0,0.0,0,0.0
2,ucb,1,20,1104,4.11357579525,4.11357579525,0.0,3.986986780166626,0.2100590579211712,7.6,0.06718142643378448,20,3.66542833051,2.5748487684745003,3.6208374038499995,0.4576807328700001,0,0.0,0,0.0,0,0.0,0,0.0
2,ucb,2,40,1124,4.11357579525,4.11357579525,0.0,3.751199018955231,0.09208961278200149,2.9,0.09009366202289643,40,4.08598147357,3.0624525989515,3.8581421184380007,0.03712758980999986,1,0.025,1,0.1,1,0.02,1,0.01
2,ucb,3,60,1144,4.11357579525,4.11357579525,0.0,3.7059200525283815,0.0848295932635665,2.6,0.08354731090234267,60,4.08598147357,3.281217609849333,3.9246638439600003,0.03712758980999986,4,0.06666666666666667,1,0.1,1,0.02,1,0.01
2,ucb,4,80,1164,4.11357579525,4.11357579525,0.0,3.7299085021018983,0.06761769019067287,2.5,0.0858061784266175,80,4.08598147357,3.367840611763375,3.9246638439600003,0.03712758980999986,4,0.05,1,0.1,1,0.02,1,0.01
2,ucb,5,100,1184,4.11357579525,4.11357579525,0.0,3.7110952615737913,0.07750193402171135,2.55,0.09052215065947922,100,4.08598147357,3.421415846795101,3.9246638439600003,0.03712758980999986,4,0.04,1,0.1,1,0.02,1,0.01
2,conservative,0,0,1084,4.11357579525,4.11357579525,0.0,,,,,0,,,,,0,0.0,0,0.0,0,0.0,0,0.0
2,conservative,1,20,1104,4.11357579525,4.11357579525,0.0,3.981053590774536,0.10490211341530084,5.75,0.06718142643378448,20,3.94893156252,3.0046536196735003,3.799084140556,0.1741775008600004,2,0.1,0,0.0,0,0.0,0,0.0
2,conservative,2,40,1124,4.11357579525,4.11357579525,0.0,3.798658812046051,0.04728145557455719,3.25,0.0836769575820021,40,4.02854128538,3.3026918379542507,3.92523231828,0.09456777800000005,4,0.1,0,0.0,1,0.02,1,0.01
2,conservative,3,60,1144,4.11357579525,4.11357579525,0.0,3.747611963748932,0.041200740309432146,2.65,0.07836266235842823,60,4.08598147357,3.364822304735667,3.98631874851,0.03712758980999986,7,0.11666666666666667,1,0.1,2,0.04,2,0.02
2,conservative,4,80,1164,4.11357579525,4.11357579525,0.0,3.7447828888893127,0.032664244156330825,2.4,0.08033545642465979,80,4.08598147357,3.4466902756601874,3.9923386687540003,0.03712758980999986,9,0.1125,1,0.1,2,0.04,2,0.02
2,conservative,5,100,1184,4.11357579525,4.11357579525,0.0,3.7182296395301817,0.025781456008553506,2.05,0.09192159331541291,100,4.08598147357,3.501466000266225,3.9923386687540003,0.03712758980999986,11,0.11,1,0.1,2,0.04,2,0.02
3,random,0,0,1084,4.11357579525,4.11357579525,0.0,,,,,0,,,,,0,0.0,0,0.0,0,0.0,0,0.0
3,random,1,20,1104,4.11357579525,4.11357579525,0.0,,,4.15,,20,3.7184075443,2.201965589357,3.494776135192,0.40470151908000007,0,0.0,0,0.0,0,0.0,0,0.0
3,random,2,40,1124,4.11357579525,4.11357579525,0.0,,,4.2,,40,3.76051905331,2.4021150555719997,3.7294412506359995,0.36259001007000036,0,0.0,0,0.0,0,0.0,0,0.0
3,random,3,60,1144,4.11357579525,4.11357579525,0.0,,,4.3,,60,3.76051905331,2.5314305146448337,3.7416278812100003,0.36259001007000036,0,0.0,0,0.0,0,0.0,0,0.0
3,random,4,80,1164,4.11357579525,4.11357579525,0.0,,,4.1,,80,3.8359429377900014,2.547621158971375,3.765134959908001,0.2871661255899989,0,0.0,0,0.0,0,0.0,0,0.0
3,random,5,100,1184,4.11357579525,4.11357579525,0.0,,,4.95,,100,3.85320283337,2.4438493990651002,3.789348968344001,0.26990623001000014,0,0.0,0,0.0,0,0.0,0,0.0
3,greedy,0,0,1084,4.11357579525,4.11357579525,0.0,,,,,0,,,,,0,0.0,0,0.0,0,0.0,0,0.0
3,greedy,1,20,1104,4.11357579525,4.11357579525,0.0,4.062830090522766,0.14953069426119328,7.65,0.07124501314990195,20,3.87501518006,2.5586708187925007,3.6063552058279997,0.24809388332000015,1,0.05,0,0.0,0,0.0,0,0.0
3,greedy,2,40,1124,4.11357579525,4.11357579525,0.0,3.773527216911316,0.06909163929522037,3.05,0.08624576415488686,40,4.08598147357,3.0956793050470006,3.8761334628860005,0.03712758980999986,2,0.05,1,0.1,1,0.02,1,0.01
3,greedy,3,60,1144,4.11357579525,4.11357579525,0.0,3.7424562215805053,0.06582642504945398,2.65,0.08441938089730477,60,4.08598147357,3.2332404806086674,3.913852495866,0.03712758980999986,4,0.06666666666666667,1,0.1,1,0.02,1,0.01
3,greedy,4,80,1164,4.11357579525,4.11357579525,0.0,3.7142470836639405,0.05287510491907597,2.6,0.08194412967333427,80,4.08598147357,3.3440746697905626,3.927660011782,0.03712758980999986,5,0.0625,1,0.1,1,0.02,1,0.01
3,greedy,5,100,1184,4.11357579525,4.11357579525,0.0,3.727871227264404,0.043691580556333064,2.4,0.09111350511818408,100,4.08598147357,3.41997373302185,3.98381713757,0.03712758980999986,10,0.1,1,0.1,2,0.04,3,0.03
3,ucb,0,0,1084,4.11357579525,4.11357579525,0.0,,,,,0,,,,,0,0.0,0,0.0,0,0.0,0,0.0
3,ucb,1,20,1104,4.11357579525,4.11357579525,0.0,4.048653614521027,0.18294356092810632,8.0,0.07124501314990195,20,3.59120944888,2.0084319116425,3.385002278962,0.5318996145000003,0,0.0,0,0.0,0,0.0,0,0.0
3,ucb,2,40,1124,4.11357579525,4.11357579525,0.0,3.785057020187378,0.10220095328986645,3.7,0.08491101787843998,40,3.88673949705,2.767598593302,3.7457905602980004,0.23636956633000006,1,0.025,0,0.0,0,0.0,0,0.0
3,ucb,3,60,1144,4.11357579525,4.11357579525,0.0,3.7062673330307008,0.08921794965863228,2.8,0.08014515861603713,60,3.88673949705,3.0063554449046666,3.840287502544,0.23636956633000006,2,0.03333333333333333,0,0.0,0,0.0,0,0.0
3,ucb,4,80,1164,4.11357579525,4.11357579525,0.0,3.697951602935791,0.08809879999607802,2.65,0.08425842626215693,80,3.98402309894,3.1392085396385,3.928582426602,0.13908596444000043,6,0.075,0,0.0,0,0.0,2,0.02
3,ucb,5,100,1184,4.11357579525,4.11357579525,0.0,3.717123031616211,0.09372639432549476,2.55,0.09228552865741384,100,3.98402309894,3.2447808889003005,3.934631467368,0.13908596444000043,7,0.07,0,0.0,0,0.0,2,0.02
3,conservative,0,0,1084,4.11357579525,4.11357579525,0.0,,,,,0,,,,,0,0.0,0,0.0,0,0.0,0,0.0
3,conservative,1,20,1104,4.11357579525,4.11357579525,0.0,4.028016316890716,0.09548365417867899,6.75,0.07124501314990195,20,3.92993048033,2.9127121037965003,3.8350793251920003,0.19317858305000035,3,0.15,0,0.0,0,0.0,0,0.0
3,conservative,2,40,1124,4.11357579525,4.11357579525,0.0,3.76870973110199,0.04194173878058791,2.55,0.08899080645346988,40,4.08598147357,3.291016305035,3.9401851029380004,0.03712758980999986,5,0.125,1,0.1,1,0.02,1,0.01
3,conservative,3,60,1144,4.11357579525,4.11357579525,0.0,3.7546848893165587,0.036165591608732936,2.4,0.08034167308294052,60,4.08598147357,3.4256784179333337,3.9401851029380004,0.03712758980999986,5,0.08333333333333333,1,0.1,1,0.02,1,0.01
3,conservative,4,80,1164,4.11357579525,4.11357579525,0.0,3.7140476942062377,0.03204333535395563,2.0,0.0810480573690021,80,4.08598147357,3.5131759835832503,3.9636462702980007,0.03712758980999986,10,0.125,1,0.1,1,0.02,1,0.01
3,conservative,5,100,1184,4.11357579525,4.11357579525,0.0,3.7314695477485658,0.03493548585101962,2.15,0.08522437389722395,100,4.08598147357,3.554528513884,3.9636462702980007,0.03712758980999986,11,0.11,1,0.1,1,0.02,1,0.01
4,random,0,0,1084,4.11357579525,4.11357579525,0.0,,,,,0,,,,,0,0.0,0,0.0,0,0.0,0,0.0
4,random,1,20,1104,4.11357579525,4.11357579525,0.0,,,4.6,,20,3.723875482880002,2.6911117963370006,3.7022991127880003,0.39923358049999846,0,0.0,0,0.0,0,0.0,0,0.0
4,random,2,40,1124,4.11357579525,4.11357579525,0.0,,,3.5,,40,3.813742463480002,2.8515739948700003,3.7441475628400007,0.3093665998999984,0,0.0,0,0.0,0,0.0,0,0.0
4,random,3,60,1144,4.11357579525,4.11357579525,0.0,,,3.7,,60,3.813742463480002,2.8078591058987503,3.745554501346001,0.3093665998999984,0,0.0,0,0.0,0,0.0,0,0.0
4,random,4,80,1164,4.11357579525,4.11357579525,0.0,,,3.6,,80,3.813742463480002,2.7565134488073753,3.745554501346001,0.3093665998999984,0,0.0,0,0.0,0,0.0,0,0.0
4,random,5,100,1184,4.11357579525,4.11357579525,0.0,,,4.05,,100,3.813742463480002,2.7229517450455996,3.765497988452001,0.3093665998999984,0,0.0,0,0.0,0,0.0,0,0.0
4,greedy,0,0,1084,4.11357579525,4.11357579525,0.0,,,,,0,,,,,0,0.0,0,0.0,0,0.0,0,0.0
4,greedy,1,20,1104,4.11357579525,4.11357579525,0.0,3.9734380722045897,0.14408314432948827,6.8,0.0667331905630022,20,3.90870556551,2.577118582718,3.769468241948,0.21440349787000024,1,0.05,0,0.0,0,0.0,0,0.0
4,greedy,2,40,1124,4.11357579525,4.11357579525,0.0,3.752468204498291,0.047558552026748656,2.25,0.09087780638449434,40,4.08598147357,3.141653061095,3.906534650436001,0.03712758980999986,3,0.075,1,0.1,1,0.02,1,0.01
4,greedy,3,60,1144,4.11357579525,4.11357579525,0.0,3.7557661056518556,0.05078012668527663,2.85,0.08253186361937123,60,4.08598147357,3.3134138723129998,3.914894761100001,0.03712758980999986,3,0.05,1,0.1,1,0.02,1,0.01
4,greedy,4,80,1164,4.11357579525,4.11357579525,0.0,3.718651270866394,0.044787776097655295,2.6,0.09384619787439599,80,4.08598147357,3.3875445971188753,3.9482032210300004,0.03712758980999986,5,0.0625,1,0.1,1,0.02,1,0.01
4,greedy,5,100,1184,4.11357579525,4.11357579525,0.0,3.701396083831787,0.05020816987380385,2.05,0.08893583468913621,100,4.08598147357,3.4472130785107997,3.9482032210300004,0.03712758980999986,5,0.05,1,0.1,1,0.02,1,0.01
4,ucb,0,0,1084,4.11357579525,4.11357579525,0.0,,,,,0,,,,,0,0.0,0,0.0,0,0.0,0,0.0
4,ucb,1,20,1104,4.11357579525,4.11357579525,0.0,3.948832893371582,0.2009841650724411,7.45,0.0667331905630022,20,3.90870556551,2.1029404451989997,3.5056778456860003,0.21440349787000024,1,0.05,0,0.0,0,0.0,0,0.0
4,ucb,2,40,1124,4.11357579525,4.11357579525,0.0,3.7629456400871275,0.08325661197304726,3.05,0.08053290870418583,40,4.08598147357,2.823764310492625,3.8737728497300004,0.03712758980999986,2,0.05,1,0.1,1,0.02,1,0.01
4,ucb,3,60,1144,4.11357579525,4.11357579525,0.0,3.7277233362197877,0.0777448894456029,2.45,0.0866845655868168,60,4.08598147357,3.110431313899084,3.932500587018,0.03712758980999986,4,0.06666666666666667,1,0.1,1,0.02,1,0.01
4,ucb,4,80,1164,4.11357579525,4.11357579525,0.0,3.7142144799232484,0.08176038637757302,2.75,0.09147574975565596,80,4.08598147357,3.2628036090796875,3.9706612035780005,0.03712758980999986,8,0.1,1,0.1,2,0.04,2,0.02
4,ucb,5,100,1184,4.11357579525,4.11357579525,0.0,3.6730876088142397,0.10778417801484466,2.5,0.09371177852665846,100,4.08598147357,3.3498959078550508,3.9931543424960005,0.03712758980999986,13,0.13,1,0.1,3,0.06,3,0.03
4,conservative,0,0,1084,4.11357579525,4.11357579525,0.0,,,,,0,,,,,0,0.0,0,0.0,0,0.0,0,0.0
4,conservative,1,20,1104,4.11357579525,4.11357579525,0.0,3.943334627151489,0.07590837413445115,6.2,0.0667331905630022,20,3.81187595859,2.833594910485,3.770664430656,0.3112331047900003,0,0.0,0,0.0,0,0.0,0,0.0
4,conservative,2,40,1124,4.11357579525,4.11357579525,0.0,3.7582602739334106,0.04123248076066375,2.2,0.09110163445921912,40,4.08598147357,3.284938990377875,3.8932583703760004,0.03712758980999986,3,0.075,1,0.1,1,0.02,1,0.01
4,conservative,3,60,1144,4.11357579525,4.11357579525,0.0,3.754870069026947,0.045484098792076114,3.05,0.0890730877058892,60,4.08598147357,3.4001243500129164,3.8932583703760004,0.03712758980999986,3,0.05,1,0.1,1,0.02,1,0.01
4,conservative,4,80,1164,4.11357579525,4.11357579525,0.0,3.7214320063591004,0.03245046581141651,2.2,0.08313063678520544,80,4.08598147357,3.464188562585646,3.9405722728100003,0.03712758980999986,5,0.0625,1,0.1,1,0.02,1,0.01
4,conservative,5,100,1184,4.11357579525,4.11357579525,0.0,3.7173508763313294,0.029311868990771473,2.2,0.08402222875646505,100,4.08598147357,3.5171719745507666,3.9624887499100003,0.03712758980999986,6,0.06,1,0.1,1,0.02,2,0.02
5,random,0,0,1084,4.11357579525,4.11357579525,0.0,,,,,0,,,,,0,0.0,0,0.0,0,0.0,0,0.0
5,random,1,20,1104,4.11357579525,4.11357579525,0.0,,,3.9,,20,3.75414514597,2.3972654878555,3.679213181278,0.36896391741000034,0,0.0,0,0.0,0,0.0,0,0.0
5,random,2,40,1124,4.11357579525,4.11357579525,0.0,,,4.4,,40,3.77483351396,2.3473629395354996,3.737825416602,0.3482755494200003,0,0.0,0,0.0,0,0.0,0,0.0
5,random,3,60,1144,4.11357579525,4.11357579525,0.0,,,4.1,,60,3.785652682,2.4139262330025,3.768752971112,0.33745638138000045,0,0.0,0,0.0,0,0.0,0,0.0
5,random,4,80,1164,4.11357579525,4.11357579525,0.0,,,3.25,,80,3.83299452554,2.56810629206525,3.7845228470260004,0.2901145378400001,0,0.0,0,0.0,0,0.0,0,0.0
5,random,5,100,1184,4.11357579525,4.11357579525,0.0,,,3.95,,100,3.83299452554,2.6289533170007,3.7845228470260004,0.2901145378400001,0,0.0,0,0.0,0,0.0,0,0.0
5,greedy,0,0,1084,4.11357579525,4.11357579525,0.0,,,,,0,,,,,0,0.0,0,0.0,0,0.0,0,0.0
5,greedy,1,20,1104,4.11357579525,4.11357579525,0.0,4.030838227272033,0.11737240646034479,7.15,0.06258503357807649,20,3.90870556551,2.4541268169499997,3.660858690174,0.21440349787000024,1,0.05,0,0.0,0,0.0,0,0.0
5,greedy,2,40,1124,4.11357579525,4.11357579525,0.0,3.7677692413330077,0.06382768666371703,2.7,0.08173376490240512,40,4.08598147357,3.032567735878625,3.8816659944980003,0.03712758980999986,3,0.075,1,0.1,1,0.02,1,0.01
5,greedy,3,60,1144,4.11357579525,4.11357579525,0.0,3.735738253593445,0.04483000067993999,2.05,0.07677776076403377,60,4.08598147357,3.267375677649417,3.936082289192,0.03712758980999986,5,0.08333333333333333,1,0.1,1,0.02,1,0.01
5,greedy,4,80,1164,4.11357579525,4.11357579525,0.0,3.7327014446258544,0.054963437002152206,2.1,0.07619148391214284,80,4.08598147357,3.3740307869006876,3.937398763718,0.03712758980999986,8,0.1,1,0.1,1,0.02,1,0.01
5,greedy,5,100,1184,4.11357579525,4.11357579525,0.0,3.700484836101532,0.045703256782144305,2.2,0.10216937906451243,100,4.09563969548,3.4441371405670504,3.999357756546,0.027469367900000208,12,0.12,2,0.2,2,0.04,2,0.02
5,ucb,0,0,1084,4.11357579525,4.11357579525,0.0,,,,,0,,,,,0,0.0,0,0.0,0,0.0,0,0.0
5,ucb,1,20,1104,4.11357579525,4.11357579525,0.0,4.016743838787079,0.1580423392355442,8.0,0.06258503357807649,20,3.90870556551,2.1812596392290002,3.6880161917740004,0.21440349787000024,2,0.1,0,0.0,0,0.0,0,0.0
5,ucb,2,40,1124,4.11357579525,4.11357579525,0.0,3.727735447883606,0.11756713539361954,3.6,0.07904154300905655,40,3.90870556551,2.842693334606,3.8207194940360005,0.21440349787000024,2,0.05,0,0.0,0,0.0,0,0.0
5,ucb,3,60,1144,4.11357579525,4.11357579525,0.0,3.72400643825531,0.08629104029387236,3.35,0.08468881088219504,60,4.08598147357,3.0279126220971677,3.9445349110420005,0.03712758980999986,5,0.08333333333333333,1,0.1,1,0.02,1,0.01
5,ucb,4,80,1164,4.11357579525,4.11357579525,0.0,3.7217118740081787,0.07859432492405176,2.5,0.08701502917842432,80,4.08598147357,3.134979693363875,3.9445349110420005,0.03712758980999986,6,0.075,1,0.1,1,0.02,1,0.01
5,ucb,5,100,1184,4.11357579525,4.11357579525,0.0,3.6896915316581724,0.08476712331175804,2.15,0.09381910900735772,100,4.08598147357,3.2364688361046996,3.9445349110420005,0.03712758980999986,6,0.06,1,0.1,1,0.02,1,0.01
5,conservative,0,0,1084,4.11357579525,4.11357579525,0.0,,,,,0,,,,,0,0.0,0,0.0,0,0.0,0,0.0
5,conservative,1,20,1104,4.11357579525,4.11357579525,0.0,4.004840302467346,0.06361887929961085,6.2,0.06258503357807649,20,3.90870556551,2.9515245350725,3.72335624754,0.21440349787000024,1,0.05,0,0.0,0,0.0,0,0.0
5,conservative,2,40,1124,4.11357579525,4.11357579525,0.0,3.8119670271873476,0.054584011621773246,3.25,0.07681150799752146,40,3.90870556551,3.2370993185825,3.7905073423219995,0.21440349787000024,1,0.025,0,0.0,0,0.0,0,0.0
5,conservative,3,60,1144,4.11357579525,4.11357579525,0.0,3.735400307178497,0.025490384176373483,2.1,0.07882693302270781,60,3.94619655391,3.3963603186488336,3.8975864429320004,0.17691250947000015,4,0.06666666666666667,0,0.0,0,0.0,0,0.0
5,conservative,4,80,1164,4.11357579525,4.11357579525,0.0,3.73021879196167,0.0310573008377105,2.35,0.07919032171993823,80,4.08598147357,3.4753215060231257,3.948469303296,0.03712758980999986,5,0.0625,1,0.1,1,0.02,1,0.01
5,conservative,5,100,1184,4.11357579525,4.11357579525,0.0,3.7256144165992735,0.031864909012801944,2.15,0.0932881242451594,100,4.08598147357,3.5280594735218993,3.955220734174001,0.03712758980999986,9,0.09,1,0.1,1,0.02,1,0.01
6,random,0,0,1084,4.11357579525,4.11357579525,0.0,,,,,0,,,,,0,0.0,0,0.0,0,0.0,0,0.0
6,random,1,20,1104,4.11357579525,4.11357579525,0.0,,,3.7,,20,3.80378879973,2.9723502192775,3.730916060978,0.3193202636500003,0,0.0,0,0.0,0,0.0,0,0.0
6,random,2,40,1124,4.11357579525,4.11357579525,0.0,,,4.5,,40,3.80378879973,2.564098537529,3.7642438731639998,0.3193202636500003,0,0.0,0,0.0,0,0.0,0,0.0
6,random,3,60,1144,4.11357579525,4.11357579525,0.0,,,4.45,,60,3.80378879973,2.5383619316000003,3.769318996266,0.3193202636500003,0,0.0,0,0.0,0,0.0,0,0.0
6,random,4,80,1164,4.11357579525,4.11357579525,0.0,,,4.4,,80,3.8678485877900006,2.5411136522363753,3.811615371428,0.25526047558999965,0,0.0,0,0.0,0,0.0,0,0.0
6,random,5,100,1184,4.11357579525,4.11357579525,0.0,,,4.05,,100,3.99873668511,2.5457059665361,3.8558787818319997,0.12437237827000036,1,0.01,0,0.0,0,0.0,1,0.01
6,greedy,0,0,1084,4.11357579525,4.11357579525,0.0,,,,,0,,,,,0,0.0,0,0.0,0,0.0,0,0.0
6,greedy,1,20,1104,4.11357579525,4.11357579525,0.0,4.037159419059753,0.1365382794290781,7.4,0.06549810298419527,20,3.90870556551,2.554770755985,3.6820471889540003,0.21440349787000024,1,0.05,0,0.0,0,0.0,0,0.0
6,greedy,2,40,1124,4.11357579525,4.11357579525,0.0,3.761507511138916,0.05635737404227257,3.0,0.08255748160561358,40,4.08598147357,3.10282645967375,3.854747867188,0.03712758980999986,2,0.05,1,0.1,1,0.02,1,0.01
6,greedy,3,60,1144,4.11357579525,4.11357579525,0.0,3.728586161136627,0.0531190924346447,2.45,0.08281161042719125,60,4.08598147357,3.2938459775207507,3.94602406646,0.03712758980999986,5,0.08333333333333333,1,0.1,1,0.02,2,0.02
6,greedy,4,80,1164,4.11357579525,4.11357579525,0.0,3.726325011253357,0.047908048145473,2.3,0.08059108445902805,80,4.08598147357,3.3995513493060003,3.991877041475,0.03712758980999986,8,0.1,1,0.1,1,0.02,4,0.04
6,greedy,5,100,1184,4.11357579525,4.11357579525,0.0,3.7287910103797914,0.059451126400381325,2.9,0.08753737823916055,100,4.08598147357,3.4266148883018004,3.9937052718930004,0.03712758980999986,9,0.09,1,0.1,1,0.02,4,0.04
6,ucb,0,0,1084,4.11357579525,4.11357579525,0.0,,,,,0,,,,,0,0.0,0,0.0,0,0.0,0,0.0
6,ucb,1,20,1104,4.11357579525,4.11357579525,0.0,4.016226267814636,0.18081173710525036,7.85,0.06549810298419527,20,3.90870556551,2.2922951603970003,3.63408733885,0.21440349787000024,1,0.05,0,0.0,0,0.0,0,0.0
6,ucb,2,40,1124,4.11357579525,4.11357579525,0.0,3.8079334497451782,0.11991712935268879,4.4,0.08020291169160518,40,3.90870556551,2.7195421902805004,3.776746267256,0.21440349787000024,1,0.025,0,0.0,0,0.0,0,0.0
6,ucb,3,60,1144,4.11357579525,4.11357579525,0.0,3.708613836765289,0.0922755628824234,2.45,0.08213913367789412,60,3.91240028697,3.0163012759454997,3.826475465138001,0.2107087764100002,2,0.03333333333333333,0,0.0,0,0.0,0,0.0
6,ucb,4,80,1164,4.11357579525,4.11357579525,0.0,3.7106197237968446,0.06697281170636415,2.35,0.08475884647219331,80,4.08598147357,3.1913796499233755,3.969510686516,0.03712758980999986,6,0.075,1,0.1,2,0.04,2,0.02
6,ucb,5,100,1184,4.11357579525,4.11357579525,0.0,3.7018734931945803,0.11066021360456943,2.65,0.08664714482539297,100,4.08700897317,3.3039208669805005,4.010799650572,0.0361000902100006,9,0.09,2,0.2,3,0.06,3,0.03
6,conservative,0,0,1084,4.11357579525,4.11357579525,0.0,,,,,0,,,,,0,0.0,0,0.0,0,0.0,0,0.0
6,conservative,1,20,1104,4.11357579525,4.11357579525,0.0,4.01365020275116,0.08434191420674324,6.65,0.06549810298419527,20,3.87501518006,2.8165798019425,3.7603954936340003,0.24809388332000015,1,0.05,0,0.0,0,0.0,0,0.0
6,conservative,2,40,1124,4.11357579525,4.11357579525,0.0,3.7931955575942995,0.04244656446389854,3.25,0.08395640684858613,40,4.08598147357,3.1852845859022505,3.905596835016001,0.03712758980999986,3,0.075,1,0.1,1,0.02,1,0.01
6,conservative,3,60,1144,4.11357579525,4.11357579525,0.0,3.732076275348663,0.032069254806265234,2.3,0.07408724845887503,60,4.08598147357,3.3639782707682504,3.948647045476,0.03712758980999986,6,0.1,1,0.1,1,0.02,1,0.01
6,conservative,4,80,1164,4.11357579525,4.11357579525,0.0,3.7124793410301207,0.028345946874469518,2.1,0.08567709423653729,80,4.08598147357,3.4462499522437815,3.9550529223900006,0.03712758980999986,7,0.0875,1,0.1,1,0.02,1,0.01
6,conservative,5,100,1184,4.11357579525,4.11357579525,0.0,3.7374449491500856,0.038892170693725345,2.6,0.08505749672753704,100,4.08598147357,3.497904612389025,4.00182440974,0.03712758980999986,10,0.1,1,0.1,2,0.04,3,0.03
7,random,0,0,1084,4.11357579525,4.11357579525,0.0,,,,,0,,,,,0,0.0,0,0.0,0,0.0,0,0.0
7,random,1,20,1104,4.11357579525,4.11357579525,0.0,,,3.8,,20,3.73333248463,2.6513018873366665,3.6608566115346663,0.38977657875000027,0,0.0,0,0.0,0,0.0,0,0.0
7,random,2,40,1124,4.11357579525,4.11357579525,0.0,,,3.9,,40,3.73333248463,2.641269141846333,3.697130979956666,0.38977657875000027,0,0.0,0,0.0,0,0.0,0,0.0
7,random,3,60,1144,4.11357579525,4.11357579525,0.0,,,4.15,,60,3.78423707995,2.5906523119232223,3.734351574548666,0.33887198343000025,0,0.0,0,0.0,0,0.0,0,0.0
7,random,4,80,1164,4.11357579525,4.11357579525,0.0,,,3.45,,80,3.8450264718,2.670505648373042,3.77071326633,0.2780825915800005,0,0.0,0,0.0,0,0.0,0,0.0
7,random,5,100,1184,4.11357579525,4.11357579525,0.0,,,4.2,,100,3.8450264718,2.663902975298434,3.7889299176980002,0.2780825915800005,0,0.0,0,0.0,0,0.0,0,0.0
7,greedy,0,0,1084,4.11357579525,4.11357579525,0.0,,,,,0,,,,,0,0.0,0,0.0,0,0.0,0,0.0
7,greedy,1,20,1104,4.11357579525,4.11357579525,0.0,4.064691042900085,0.1352532796561718,7.55,0.06914582264874254,20,3.79231655042,1.897328728316,3.4514879824099998,0.33079251296000045,0,0.0,0,0.0,0,0.0,0,0.0
7,greedy,2,40,1124,4.11357579525,4.11357579525,0.0,3.7768033385276794,0.0785598591901362,2.7,0.08215896027783552,40,3.90677578216,2.741876137377125,3.8139872435040005,0.21633328122000028,1,0.025,0,0.0,0,0.0,0,0.0
7,greedy,3,60,1144,4.11357579525,4.11357579525,0.0,3.706134283542633,0.04438829338178039,2.3,0.08873147932925259,60,4.08598147357,3.0702600186520836,3.9513462648279996,0.03712758980999986,4,0.06666666666666667,1,0.1,1,0.02,2,0.02
7,greedy,4,80,1164,4.11357579525,4.11357579525,0.0,3.726131534576416,0.05126021057367325,2.1,0.07803848444165049,80,4.08598147357,3.2329726678197814,3.9786191174099996,0.03712758980999986,7,0.0875,1,0.1,1,0.02,2,0.02
7,greedy,5,100,1184,4.11357579525,4.11357579525,0.0,3.726666259765625,0.05064426343888044,2.45,0.08735620851830109,100,4.08598147357,3.332483713140925,3.98369570853,0.03712758980999986,11,0.11,1,0.1,1,0.02,3,0.03
7,ucb,0,0,1084,4.11357579525,4.11357579525,0.0,,,,,0,,,,,0,0.0,0,0.0,0,0.0,0,0.0
7,ucb,1,20,1104,4.11357579525,4.11357579525,0.0,4.048487210273743,0.16671573258936406,7.95,0.06914582264874254,20,3.59390848467,1.9735375021809998,3.4093029057239996,0.5292005787100003,0,0.0,0,0.0,0,0.0,0,0.0
7,ucb,2,40,1124,4.11357579525,4.11357579525,0.0,3.7292250752449037,0.10974936690181494,3.1,0.07816672064094007,40,3.98402309894,2.74047116342525,3.8339206210100003,0.13908596444000043,2,0.05,0,0.0,0,0.0,1,0.01
7,ucb,3,60,1144,4.11357579525,4.11357579525,0.0,3.711036574840546,0.09216538844630122,2.95,0.09310905855427434,60,4.08598147357,3.037370973477666,3.92947189328,0.03712758980999986,3,0.05,1,0.1,1,0.02,2,0.02
7,ucb,4,80,1164,4.11357579525,4.11357579525,0.0,3.716127932071686,0.07092277053743601,2.45,0.07356729517345661,80,4.08598147357,3.212805784143375,3.9645435537419997,0.03712758980999986,7,0.0875,1,0.1,1,0.02,2,0.02
7,ucb,5,100,1184,4.11357579525,4.11357579525,0.0,3.6892911314964296,0.07176641952246428,2.45,0.08767076651357704,100,4.08598147357,3.3101700924721995,3.9785934944640005,0.03712758980999986,11,0.11,1,0.1,1,0.02,2,0.02
7,conservative,0,0,1084,4.11357579525,4.11357579525,0.0,,,,,0,,,,,0,0.0,0,0.0,0,0.0,0,0.0
7,conservative,1,20,1104,4.11357579525,4.11357579525,0.0,4.032979273796082,0.07867660075426101,6.25,0.06914582264874254,20,3.79231655042,2.4432521739335002,3.663180955768,0.33079251296000045,0,0.0,0,0.0,0,0.0,0,0.0
7,conservative,2,40,1124,4.11357579525,4.11357579525,0.0,3.836303508281708,0.038716259365901354,3.6,0.08337600881746714,40,3.79231655042,2.9129913122722497,3.754542304988,0.33079251296000045,0,0.0,0,0.0,0,0.0,0,0.0
7,conservative,3,60,1144,4.11357579525,4.11357579525,0.0,3.758462429046631,0.03903670618310571,2.35,0.08262213810588966,60,4.08598147357,3.201877036586167,3.9654929251880007,0.03712758980999986,7,0.11666666666666667,1,0.1,1,0.02,2,0.02
7,conservative,4,80,1164,4.11357579525,4.11357579525,0.0,3.7415247321128846,0.029859217023476957,2.1,0.07617034677129526,80,4.08598147357,3.3318271416361256,3.9665822113140004,0.03712758980999986,8,0.1,1,0.1,1,0.02,2,0.02
7,conservative,5,100,1184,4.11357579525,4.11357579525,0.0,3.751303517818451,0.03978252769447863,2.45,0.08876917710418963,100,4.09563969548,3.3837726827759003,4.002235478354001,0.027469367900000208,10,0.1,2,0.2,2,0.04,3,0.03
8,random,0,0,1084,4.11357579525,4.11357579525,0.0,,,,,0,,,,,0,0.0,0,0.0,0,0.0,0,0.0
8,random,1,20,1104,4.11357579525,4.11357579525,0.0,,,4.0,,20,3.730465427285,2.6576633297062497,3.713402892873,0.3926436360950003,0,0.0,0,0.0,0,0.0,0,0.0
8,random,2,40,1124,4.11357579525,4.11357579525,0.0,,,3.3,,40,3.82190479667,2.737892246939875,3.759795191802,0.3012042667100001,0,0.0,0,0.0,0,0.0,0,0.0
8,random,3,60,1144,4.11357579525,4.11357579525,0.0,,,3.85,,60,3.82190479667,2.752547749818417,3.759795191802,0.3012042667100001,0,0.0,0,0.0,0,0.0,0,0.0
8,random,4,80,1164,4.11357579525,4.11357579525,0.0,,,3.6,,80,3.98500064439,2.7515765694775625,3.844539715618,0.13810841899000037,2,0.025,0,0.0,0,0.0,1,0.01
8,random,5,100,1184,4.11357579525,4.11357579525,0.0,,,3.15,,100,3.98500064439,2.7091545551768497,3.844539715618,0.13810841899000037,2,0.02,0,0.0,0,0.0,1,0.01
8,greedy,0,0,1084,4.11357579525,4.11357579525,0.0,,,,,0,,,,,0,0.0,0,0.0,0,0.0,0,0.0
8,greedy,1,20,1104,4.11357579525,4.11357579525,0.0,4.094874978065491,0.13230732334777712,6.85,0.06920344701029939,20,3.90870556551,2.5754999950285002,3.6937028984760003,0.21440349787000024,1,0.05,0,0.0,0,0.0,0,0.0
8,greedy,2,40,1124,4.11357579525,4.11357579525,0.0,3.7710567116737366,0.0591858820989728,3.0,0.0915894035141969,40,3.90870556551,3.07989861696075,3.8104591674459996,0.21440349787000024,2,0.05,0,0.0,0,0.0,0,0.0
8,greedy,3,60,1144,4.11357579525,4.11357579525,0.0,3.740370345115662,0.059314864594489335,2.3,0.0832762855240989,60,4.08598147357,3.3067523998883335,3.963788254336,0.03712758980999986,5,0.08333333333333333,1,0.1,2,0.04,2,0.02
8,greedy,4,80,1164,4.11357579525,4.11357579525,0.0,3.735349452495575,0.03711359980516136,2.1,0.07834446074349896,80,4.08598147357,3.407007955045125,3.9683857855539997,0.03712758980999986,7,0.0875,1,0.1,2,0.04,2,0.02
8,greedy,5,100,1184,4.11357579525,4.11357579525,0.0,3.7035449862480165,0.052498717699199914,2.45,0.10039584686870837,100,4.08598147357,3.4636912079438007,3.979145281014,0.03712758980999986,10,0.1,1,0.1,2,0.04,2,0.02
8,ucb,0,0,1084,4.11357579525,4.11357579525,0.0,,,,,0,,,,,0,0.0,0,0.0,0,0.0,0,0.0
8,ucb,1,20,1104,4.11357579525,4.11357579525,0.0,4.069677245616913,0.1928122118115425,7.5,0.06920344701029939,20,3.90870556551,2.342769982366,3.6411406608700005,0.21440349787000024,1,0.05,0,0.0,0,0.0,0,0.0
8,ucb,2,40,1124,4.11357579525,4.11357579525,0.0,3.7074071645736693,0.1489449804648757,3.85,0.09866367399800514,40,3.90870556551,2.89122980511125,3.729678131296,0.21440349787000024,1,0.025,0,0.0,0,0.0,0,0.0
8,ucb,3,60,1144,4.11357579525,4.11357579525,0.0,3.712772798538208,0.10192244416102766,2.95,0.08140038858396516,60,3.90870556551,3.095211264391333,3.7787222443140003,0.21440349787000024,1,0.016666666666666666,0,0.0,0,0.0,0,0.0
8,ucb,4,80,1164,4.11357579525,4.11357579525,0.0,3.7007848381996156,0.0733000997453928,2.25,0.08901078670279129,80,4.08598147357,3.2482746677533756,3.914594731214,0.03712758980999986,4,0.05,1,0.1,1,0.02,1,0.01
8,ucb,5,100,1184,4.11357579525,4.11357579525,0.0,3.698926794528961,0.06510962629690767,2.4,0.10169525017443393,100,4.08598147357,3.3483261387733,3.927956266342,0.03712758980999986,6,0.06,1,0.1,1,0.02,1,0.01
8,conservative,0,0,1084,4.11357579525,4.11357579525,0.0,,,,,0,,,,,0,0.0,0,0.0,0,0.0,0,0.0
8,conservative,1,20,1104,4.11357579525,4.11357579525,0.0,4.077054214477539,0.09120124345645308,6.3,0.06920344701029939,20,3.90870556551,2.751829368558,3.6479372058419997,0.21440349787000024,1,0.05,0,0.0,0,0.0,0,0.0
8,conservative,2,40,1124,4.11357579525,4.11357579525,0.0,3.7589934349060057,0.038595015788450836,2.0,0.09102095252145892,40,4.08598147357,3.23302849094875,3.9212156136400003,0.03712758980999986,4,0.1,1,0.1,1,0.02,1,0.01
8,conservative,3,60,1144,4.11357579525,4.11357579525,0.0,3.7805429458618165,0.04729508557356894,2.9,0.08334918702518387,60,4.08598147357,3.3792268985430005,3.933163800342,0.03712758980999986,5,0.08333333333333333,1,0.1,1,0.02,1,0.01
8,conservative,4,80,1164,4.11357579525,4.11357579525,0.0,3.7026380777359007,0.029320744890719654,2.0,0.08548339227071175,80,4.08598147357,3.4636348920686566,3.9591844188640004,0.03712758980999986,8,0.1,1,0.1,1,0.02,2,0.02
8,conservative,5,100,1184,4.11357579525,4.11357579525,0.0,3.7139037013053895,0.03097126274369657,2.05,0.09279486302708842,100,4.08598147357,3.513559207244075,3.9591844188640004,0.03712758980999986,8,0.08,1,0.1,1,0.02,2,0.02
9,random,0,0,1084,4.11357579525,4.11357579525,0.0,,,,,0,,,,,0,0.0,0,0.0,0,0.0,0,0.0
9,random,1,20,1104,4.11357579525,4.11357579525,0.0,,,3.25,,20,3.774260275,2.6475818659630006,3.7162316182860002,0.3488487883800002,0,0.0,0,0.0,0,0.0,0,0.0
9,random,2,40,1124,4.11357579525,4.11357579525,0.0,,,3.65,,40,3.82404064539,2.898801919772,3.7731657537339998,0.29906841799000006,0,0.0,0,0.0,0,0.0,0,0.0
9,random,3,60,1144,4.11357579525,4.11357579525,0.0,,,3.4,,60,3.89474932299,2.7519314986133336,3.802886644442,0.22835974039000018,1,0.016666666666666666,0,0.0,0,0.0,0,0.0
9,random,4,80,1164,4.11357579525,4.11357579525,0.0,,,4.3,,80,3.89474932299,2.7201752238033747,3.802886644442,0.22835974039000018,1,0.0125,0,0.0,0,0.0,0,0.0
9,random,5,100,1184,4.11357579525,4.11357579525,0.0,,,3.75,,100,3.89474932299,2.7380371864981994,3.8282786760359997,0.22835974039000018,1,0.01,0,0.0,0,0.0,0,0.0
9,greedy,0,0,1084,4.11357579525,4.11357579525,0.0,,,,,0,,,,,0,0.0,0,0.0,0,0.0,0,0.0
9,greedy,1,20,1104,4.11357579525,4.11357579525,0.0,3.9934685707092283,0.1279845256358385,7.55,0.06538083553864067,20,3.87501518006,2.2888309582039996,3.7037798071560006,0.24809388332000015,1,0.05,0,0.0,0,0.0,0,0.0
9,greedy,2,40,1124,4.11357579525,4.11357579525,0.0,3.739101433753967,0.06262578219175338,2.75,0.09629595881139022,40,4.08598147357,2.9636684851675,3.86769338589,0.03712758980999986,2,0.05,1,0.1,1,0.02,1,0.01
9,greedy,3,60,1144,4.11357579525,4.11357579525,0.0,3.715891623497009,0.04352095648646355,2.0,0.08024181569545294,60,4.08598147357,3.2258998395786667,3.939483876432,0.03712758980999986,5,0.08333333333333333,1,0.1,1,0.02,1,0.01
9,greedy,4,80,1164,4.11357579525,4.11357579525,0.0,3.718663442134857,0.045663812477141616,2.4,0.09049312321247754,80,4.08598147357,3.3260253777632185,3.939483876432,0.03712758980999986,5,0.0625,1,0.1,1,0.02,1,0.01
9,greedy,5,100,1184,4.11357579525,4.11357579525,0.0,3.704481840133667,0.06050989720970392,2.7,0.09110516219614298,100,4.08598147357,3.389156442404775,3.939483876432,0.03712758980999986,5,0.05,1,0.1,1,0.02,1,0.01
9,ucb,0,0,1084,4.11357579525,4.11357579525,0.0,,,,,0,,,,,0,0.0,0,0.0,0,0.0,0,0.0
9,ucb,1,20,1104,4.11357579525,4.11357579525,0.0,3.9662412643432616,0.1722875501960516,8.25,0.06538083553864067,20,3.87501518006,2.094260051367,3.6861058541699996,0.24809388332000015,1,0.05,0,0.0,0,0.0,0,0.0
9,ucb,2,40,1124,4.11357579525,4.11357579525,0.0,3.7234084844589233,0.10412192791700363,3.25,0.0931188150808431,40,3.87501518006,2.791858320593,3.80323318122,0.24809388332000015,1,0.025,0,0.0,0,0.0,0,0.0
9,ucb,3,60,1144,4.11357579525,4.11357579525,0.0,3.716298151016235,0.0861753212288022,2.45,0.07844784140480796,60,3.94619655391,3.079448192112333,3.865556707042,0.17691250947000015,2,0.03333333333333333,0,0.0,0,0.0,0,0.0
9,ucb,4,80,1164,4.11357579525,4.11357579525,0.0,3.6803279399871824,0.09062048196792602,2.55,0.08745419913968007,80,4.08598147357,3.226876443068125,3.955824759398,0.03712758980999986,6,0.075,1,0.1,1,0.02,2,0.02
9,ucb,5,100,1184,4.11357579525,4.11357579525,0.0,3.6874810099601745,0.07546366062015294,2.7,0.08491301987819451,100,4.08598147357,3.2991820810189,3.964391066906,0.03712758980999986,7,0.07,1,0.1,1,0.02,2,0.02
9,conservative,0,0,1084,4.11357579525,4.11357579525,0.0,,,,,0,,,,,0,0.0,0,0.0,0,0.0,0,0.0
9,conservative,1,20,1104,4.11357579525,4.11357579525,0.0,3.979324018955231,0.09404452156741172,7.0,0.06538083553864067,20,3.87501518006,2.5554566008000004,3.790929670514,0.24809388332000015,1,0.05,0,0.0,0,0.0,0,0.0
9,conservative,2,40,1124,4.11357579525,4.11357579525,0.0,3.7435244798660277,0.03690176506061107,2.4,0.09003407763236244,40,4.08598147357,3.0907908944145,3.8657893977100004,0.03712758980999986,2,0.05,1,0.1,1,0.02,1,0.01
9,conservative,3,60,1144,4.11357579525,4.11357579525,0.0,3.721229088306427,0.03769303639419377,2.55,0.07899231245986507,60,4.08598147357,3.2914270170345,3.9260941704860004,0.03712758980999986,3,0.05,1,0.1,1,0.02,2,0.02
9,conservative,4,80,1164,4.11357579525,4.11357579525,0.0,3.724488067626953,0.03381060641258955,2.5,0.09081349350199416,80,4.08598147357,3.398313968200438,3.9759117526990004,0.03712758980999986,5,0.0625,1,0.1,1,0.02,3,0.03
9,conservative,5,100,1184,4.11357579525,4.11357579525,0.0,3.71002779006958,0.032301423419266936,2.05,0.08671701726890921,100,4.08598147357,3.4645284578813498,3.983388774081001,0.03712758980999986,8,0.08,1,0.1,1,0.02,3,0.03
