position,frequency,fraction_in_top_pool
158,106,0.212
156,61,0.122
105,57,0.114
79,52,0.104
184,50,0.1
135,48,0.096
121,45,0.09
214,42,0.084
52,42,0.084
162,41,0.082
166,40,0.08
38,38,0.076
62,38,0.076
230,34,0.068
159,32,0.064
165,32,0.064
171,30,0.06
146,29,0.058
173,29,0.058
161,28,0.056
107,28,0.056
41,27,0.054
101,25,0.05
170,25,0.05
3,25,0.05
225,25,0.05
223,25,0.05
164,25,0.05
47,24,0.048
198,24,0.048
102,23,0.046
209,23,0.046
113,23,0.046
149,22,0.044
133,22,0.044
203,22,0.044
163,22,0.044
99,22,0.044
132,22,0.044
80,22,0.044
128,21,0.042
147,20,0.04
75,20,0.04
72,20,0.04
68,20,0.04
145,20,0.04
157,20,0.04
63,20,0.04
126,20,0.04
131,19,0.038
43,19,0.038
144,19,0.038
140,18,0.036
114,18,0.036
71,18,0.036
180,18,0.036
185,18,0.036
153,17,0.034
224,17,0.034
233,17,0.034
97,17,0.034
167,16,0.032
231,15,0.03
155,15,0.03
108,14,0.028
46,14,0.028
81,14,0.028
78,14,0.028
234,14,0.028
229,14,0.028
143,14,0.028
186,14,0.028
204,14,0.028
28,14,0.028
152,14,0.028
123,13,0.026
235,13,0.026
130,13,0.026
9,13,0.026
212,13,0.026
98,13,0.026
39,13,0.026
117,13,0.026
6,13,0.026
197,13,0.026
202,13,0.026
118,12,0.024
188,12,0.024
193,12,0.024
103,11,0.022
237,11,0.022
148,11,0.022
136,11,0.022
15,11,0.022
190,11,0.022
176,11,0.022
208,11,0.022
139,11,0.022
192,11,0.022
25,11,0.022
194,11,0.022
191,10,0.02
45,10,0.02
169,10,0.02
59,10,0.02
84,10,0.02
175,10,0.02
34,10,0.02
221,9,0.018
177,9,0.018
11,9,0.018
50,8,0.016
151,8,0.016
219,8,0.016
19,8,0.016
100,8,0.016
129,8,0.016
8,7,0.014
26,7,0.014
73,7,0.014
211,7,0.014
182,7,0.014
142,7,0.014
61,6,0.012
168,6,0.012
17,6,0.012
106,6,0.012
83,6,0.012
49,6,0.012
88,5,0.01
216,5,0.01
93,5,0.01
195,5,0.01
76,5,0.01
14,5,0.01
218,5,0.01
30,5,0.01
89,5,0.01
150,4,0.008
178,4,0.008
201,4,0.008
94,4,0.008
12,4,0.008
74,4,0.008
77,4,0.008
196,4,0.008
134,4,0.008
111,4,0.008
154,4,0.008
32,4,0.008
86,4,0.008
36,4,0.008
5,4,0.008
82,4,0.008
37,4,0.008
141,3,0.006
222,3,0.006
27,3,0.006
7,3,0.006
70,3,0.006
172,3,0.006
112,3,0.006
95,3,0.006
90,3,0.006
23,3,0.006
207,3,0.006
16,3,0.006
42,2,0.004
48,2,0.004
29,2,0.004
183,2,0.004
58,2,0.004
228,2,0.004
55,2,0.004
206,2,0.004
51,2,0.004
189,2,0.004
53,2,0.004
210,2,0.004
137,2,0.004
109,2,0.004
138,2,0.004
92,2,0.004
205,2,0.004
56,2,0.004
69,2,0.004
181,2,0.004
187,2,0.004
236,2,0.004
220,1,0.002
179,1,0.002
65,1,0.002
21,1,0.002
226,1,0.002
232,1,0.002
22,1,0.002
215,1,0.002
4,1,0.002
44,1,0.002
200,1,0.002
122,1,0.002
10,1,0.002
127,1,0.002
115,1,0.002
199,1,0.002
87,1,0.002
110,1,0.002
