replicate,rng_seed,candidate_id,seed_mutant,generated_mutant,candidate_vs_seed_ca_rmsd,candidate_vs_wt_ca_rmsd,seed_vs_wt_ca_rmsd,delta_rmsd_to_wt_vs_seed,design_position_ca_displacement_vs_seed,mutation_site_mean_ca_displacement_vs_wt,mutation_site_max_ca_displacement_vs_wt,candidate_mean_plddt,candidate_ptm,seed_mean_plddt,seed_ptm,candidate_radius_of_gyration,seed_radius_of_gyration,wt_radius_of_gyration
0,42,esm3_gfp_00033,Y39N:K52M:P75S:E132G:I229V,Y39N:K52M:P75S:E132G:K158G:I229V,3.745192862092566,3.049967171178704,5.10077887544923,-2.0508117042705254,3.0548300366808117,2.2370322131028657,4.127608475942362,0.7724998593330383,0.7461382150650024,0.7087529301643372,0.7148027420043945,17.4468542772605,17.470404208856113,17.530094216363793
1,43,esm3_gfp_00033,Y39N:K52M:P75S:E132G:I229V,Y39N:K52M:P75S:E132G:K158G:I229V,4.88110034165894,6.694016785593555,3.537747533260469,3.156269252333086,4.430367387760275,5.561241554718051,7.841990039539028,0.7656100988388062,0.7477496266365051,0.700611412525177,0.6765430569648743,17.03151223618733,17.080569481822984,17.527183355235206
2,44,esm3_gfp_00033,Y39N:K52M:P75S:E132G:I229V,Y39N:K52M:P75S:E132G:K158G:I229V,6.665022239324225,4.1391078190800545,6.473006041975982,-2.333898222895927,2.124870697311284,4.319161254803013,7.238123835002473,0.7083098888397217,0.7349968552589417,0.6857853531837463,0.6996504664421082,17.006925459315838,17.513142541201976,17.10094768135183
0,42,esm3_gfp_00026,K3E:F71Y:P75H:I98V:V224A,K3E:F71Y:P75H:I98V:K156G:V224A,15.462421112932962,12.941206594187236,6.298127958136879,6.643078636050356,3.087335074002053,8.380766279701747,23.638418314939297,0.7014069557189941,0.6908270716667175,0.7227572798728943,0.7098063230514526,18.4345461219253,18.6095090774171,17.530094216363793
1,43,esm3_gfp_00026,K3E:F71Y:P75H:I98V:V224A,K3E:F71Y:P75H:I98V:K156G:V224A,5.004146611103597,9.023999276884572,7.174657102415937,1.8493421744686351,2.8290814403181557,3.407322265973734,6.097992426186732,0.7585281133651733,0.7402502298355103,0.7364403009414673,0.7219196557998657,17.052137483060154,17.384406897636342,17.527183355235206
2,44,esm3_gfp_00026,K3E:F71Y:P75H:I98V:V224A,K3E:F71Y:P75H:I98V:K156G:V224A,3.5310999861466725,5.430744531579645,4.889802945828093,0.5409415857515523,3.287234034637746,3.4795901533690827,5.908262813920544,0.7611474394798279,0.7555589079856873,0.7450034618377686,0.7487861514091492,17.471428434103956,17.626570834446778,17.10094768135183
0,42,esm3_gfp_00045,K3E:T43A:K101R:K107E:N121S,K3E:T43A:K101R:K107E:N121S:K156G,10.742648574108024,13.68937930098675,8.265995425977158,5.423383875009593,2.2531030202477114,2.6992780182884175,4.738328965398506,0.7293719053268433,0.6900237202644348,0.7690359354019165,0.7380363941192627,18.642058723214326,18.580499106328695,17.530094216363793
1,43,esm3_gfp_00045,K3E:T43A:K101R:K107E:N121S,K3E:T43A:K101R:K107E:N121S:K156G,8.384442146712814,8.72700598235918,2.733280504007694,5.993725478351487,2.7437770765098257,2.9709814024364403,6.136529143940697,0.7888184785842896,0.7999606728553772,0.7578557133674622,0.7196152806282043,17.318183922532864,17.53890605637737,17.527183355235206
2,44,esm3_gfp_00045,K3E:T43A:K101R:K107E:N121S,K3E:T43A:K101R:K107E:N121S:K156G,2.026574756642724,1.9196549135617498,1.3224692228842885,0.5971856906774613,5.010491680081978,1.7931772225214822,4.092840315784142,0.792617678642273,0.7945642471313477,0.7823318839073181,0.7882243990898132,17.222519401982627,17.20915588758773,17.10094768135183
0,42,esm3_gfp_00037,I47V:N105S:I123V:I136V:T186S,I47V:N105S:I123V:I136V:K158G:T186S,3.328225856832895,5.055193259715026,3.378338314218572,1.6768549454964545,2.023925715238066,1.2219902533783744,2.496928680263506,0.7397373914718628,0.7120693922042847,0.7381648421287537,0.7055623531341553,17.877059644239516,17.433970750159368,17.530094216363793
1,43,esm3_gfp_00037,I47V:N105S:I123V:I136V:T186S,I47V:N105S:I123V:I136V:K158G:T186S,2.4748068120483087,2.5520523692639503,2.356771237428946,0.19528113183500428,5.205824472405671,1.8022653947664564,5.949500537046671,0.7472764849662781,0.7083079218864441,0.7356387972831726,0.6984339952468872,17.902141106139588,17.454776891690297,17.527183355235206
2,44,esm3_gfp_00037,I47V:N105S:I123V:I136V:T186S,I47V:N105S:I123V:I136V:K158G:T186S,6.350368592905549,6.231601493855179,1.9024489407729985,4.329152553082181,5.685209529602555,2.4767270858467882,7.267116860133685,0.7975647449493408,0.7973098158836365,0.7797985076904297,0.7860229015350342,17.1098993906335,17.070431901635065,17.10094768135183
0,42,esm3_gfp_00008,H81L:D133G:K158E:Q184L:T230P,H81L:N105H:D133G:K158E:Q184L:T230P,12.817531615537101,10.495234301361338,5.020278648974537,5.474955652386801,3.8348108412745954,6.275892522455995,21.682842091502074,0.7200564742088318,0.7147958874702454,0.7473183274269104,0.7228901386260986,17.995280226947834,18.28252043620794,17.530094216363793
1,43,esm3_gfp_00008,H81L:D133G:K158E:Q184L:T230P,H81L:N105H:D133G:K158E:Q184L:T230P,4.577994575987576,7.216560077213058,9.271965900273122,-2.055405823060064,0.4472527024293455,3.5349639310426233,13.396511355749894,0.7019771337509155,0.6706494092941284,0.751253604888916,0.7323406934738159,17.156264078923353,17.663259568208105,17.527183355235206
2,44,esm3_gfp_00008,H81L:D133G:K158E:Q184L:T230P,H81L:N105H:D133G:K158E:Q184L:T230P,2.6638550515385484,4.225651311640355,4.16199261694196,0.06365869469839502,0.8184573809687468,3.7434572640614845,8.917177842674796,0.7617616057395935,0.764330267906189,0.7583126425743103,0.7554033994674683,17.574791365468602,17.50957286809801,17.10094768135183
0,42,esm3_gfp_00010,F114Y:K156R:K158E:N170D,N105Y:F114Y:K156R:K158E:N170D,4.923576619958736,4.753441902041635,5.32221315171537,-0.5687712496737349,1.3615877994147627,3.59718505274878,6.532669344110939,0.7314081192016602,0.6927428841590881,0.7948474884033203,0.7457115650177002,18.35049449414513,17.9783880840864,17.530094216363793
1,43,esm3_gfp_00010,F114Y:K156R:K158E:N170D,N105Y:F114Y:K156R:K158E:N170D,7.729218998504723,7.314234250545246,3.0519370194402646,4.262297231104981,2.0538195361963223,3.4598021205792135,5.0499633377895154,0.8007648587226868,0.770718514919281,0.7672417163848877,0.7388350963592529,17.47380581417452,17.710202138699646,17.527183355235206
2,44,esm3_gfp_00010,F114Y:K156R:K158E:N170D,N105Y:F114Y:K156R:K158E:N170D,1.2258400893750079,3.2590070286907458,2.6095813511748305,0.6494256775159153,0.08356291267988888,2.455150266617463,4.430589899710097,0.8128440380096436,0.807678759098053,0.7742916345596313,0.7798595428466797,17.257516643525374,17.06748023880713,17.10094768135183
