outer_fold,member,seed,selected_epoch,spearman,rmse,mae,r2
0,0,42,24,0.6118392311052863,0.5004686634316163,0.24881214050378309,0.47413140057958447
0,1,43,24,0.5953989862690662,0.4971342566612065,0.2524805571709882,0.481115328536883
0,2,44,24,0.5765406784199326,0.49040018203583224,0.24607896124282497,0.49507752146247386
0,3,45,24,0.6234480474640285,0.5129079013688116,0.2575654179242286,0.4476654137735673
0,4,46,24,0.5682964810665314,0.49348275399380065,0.24845377040438277,0.4887098578635649
1,0,1042,9,0.6220152952174262,0.4606860312003045,0.2390787311378033,0.40548746547092585
1,1,1043,9,0.5616318343456551,0.47731646735223004,0.2438089394776985,0.3617897671327036
1,2,1044,9,0.5662765352762393,0.45990986673466183,0.24416252052325427,0.4074890490028631
1,3,1045,9,0.5266022163033113,0.48623060077491104,0.252612842718782,0.33772935887389377
1,4,1046,9,0.5620487417616746,0.4813104944926355,0.24433167347140933,0.35106441452342385
2,0,2042,7,0.5488791649638054,0.5008955363805616,0.27899379671095415,0.41783638457302585
2,1,2043,7,0.5612830413807035,0.49734406476010146,0.26443884302660087,0.42606248257563195
2,2,2044,7,0.5499607754712816,0.5079737846631374,0.2737866045355541,0.4012668067264331
2,3,2045,7,0.572617051160999,0.5002326984346168,0.271593684472194,0.419376126049415
2,4,2046,7,0.6053213827703322,0.4851336867471319,0.2696693795685278,0.4538982096394335
3,0,3042,48,0.4954128440366973,0.392578156595579,0.20874658951594757,0.45616821724001544
3,1,3043,48,0.4948831954602893,0.38884338616186725,0.20986535845959012,0.4664664241744222
3,2,3044,48,0.46940251882542505,0.3846107625193965,0.20905845023523192,0.4780184073872481
3,3,3045,48,0.5081878267732072,0.36876698052118817,0.21232891206546595,0.5201379810143327
3,4,3046,48,0.5152306261362195,0.37341308153000224,0.19863810606358082,0.5079702317170968
4,0,4042,34,0.563544457542957,0.4069201076074347,0.21892500902454495,0.5650102922570517
4,1,4043,34,0.5907214898962835,0.4168957686487492,0.2105768444913442,0.5434212925123146
4,2,4044,34,0.5849736243584706,0.41422421784898916,0.21562718238264392,0.5492542369948643
4,3,4045,34,0.5751199704688076,0.42144586024537334,0.2162676331238386,0.5334005050390623
4,4,4046,34,0.5733123757129758,0.3888492580955247,0.2088634221950267,0.6027872052168357
